Name ;Twitter;State;Party;Chamber
Adams, Alma;RepAdams;NC;D;House
Aderholt, Robert;Robert_Aderholt;AL;R;House
Aguilar, Pete;RepPeteAguilar;CA;D;House
Allen, Rick;RepRickAllen;GA;R;House
Allred, Colin;RepColinAllred;TX;D;House
Amodei, Mark;MarkAmodeiNV2;NV;R;House
Armstrong, Kelly;RepArmstrongND;ND;R;House
Arrington, Jodey;RepArrington;TX;R;House
Auchincloss, Jake;RepAuchincloss;MA;D;House
Axne, Cindy;RepCindyAxne;IA;D;House
Babin, Brian;RepBrianBabin;TX;R;House
Bacon, Don;RepDonBacon;NE;R;House
Baird, Jim;RepJimBaird;IN;R;House
Balderson, Troy;RepBalderson;OH;R;House
Banks, Jim;RepJimBanks;IN;R;House
Barr, Andy;RepAndyBarr;KY;R;House
Barragán, Nanette;RepBarragan;CA;D;House
Bass, Karen;RepKarenBass;CA;D;House
Beatty, Joyce;RepBeatty;OH;D;House
Bentz, Cliff;RepBentz;OR;R;House
Bera, Ami;RepBera;CA;D;House
Bergman, Jack;RepJackBergman;MI;R;House
Beyer, Don;RepDonBeyer;VA;D;House
Bice, Stephanie I.;RepBice;OK;R;House
Biggs, Andy;RepAndyBiggsAZ;AZ;R;House
Bilirakis, Gus M.;RepGusBilirakis;FL;R;House
Bishop Jr., Sanford D.;SanfordBishop;GA;D;House
Bishop, Dan;RepDanBishop;NC;R;House
Blumenauer, Earl;repblumenauer;OR;D;House
Blunt Rochester, Lisa;RepLBR;DE;D;House
Boebert, Lauren;RepBoebert;CO;R;House
Bonamici, Suzanne;RepBonamici;OR;D;House
Bost, Mike;RepBost;IL;R;House
Bourdeaux, Carolyn;RepBourdeaux;GA;D;House
Bowman, Jamaal;RepBowman;NY;D;House
Boyle, Brendan;CongBoyle;PA;D;House
Brady, Kevin;RepKevinBrady;TX;R;House
Brooks, Mo;RepMoBrooks;AL;R;House
Brown, Anthony;RepAnthonyBrown;MD;D;House
Brown, Shontel;RepShontelBrown;OH;D;House
Brownley, Julia;RepBrownley;CA;D;House
Buchanan, Vern;VernBuchanan;FL;R;House
Buck, Ken;RepKenBuck;CO;R;House
Bucshon, Larry;RepLarryBucshon;IN;R;House
Budd, Ted;RepTedBudd;NC;R;House
Burchett, Tim;RepTimBurchett;TN;R;House
Burgess, Michael;michaelcburgess;TX;R;House
Bush, Cori;RepCori;MO;D;House
Bustos, Cheri;RepCheri;IL;D;House
Butterfield, G.K.;GKButterfield;NC;D;House
Calvert, Ken;KenCalvert;CA;R;House
Cammack, Kat;RepKatCammack;FL;R;House
Carbajal, Salud;RepCarbajal;CA;D;House
Cardenas, Tony;RepCardenas;CA;D;House
Carey, Mike;RepMikeCarey;OH;R;House
Carl, Jerry L.;RepJerryCarl;AL;R;House
Carson, André;RepAndreCarson;IN;D;House
Carter, Buddy;RepBuddyCarter;GA;R;House
Carter, John;JudgeCarter;TX;R;House
Carter, Troy;RepTroyCarter;LA;D;House
Cartwright, Matt;RepCartwright;PA;D;House
Case, Ed;RepEdCase;HI;D;House
Casten, Sean;RepCasten;IL;D;House
Castor, Kathy;USRepKCastor;FL;D;House
Castro, Joaquin;JoaquinCastrotx;TX;D;House
Cawthorn, Madison;RepCawthorn;NC;R;House
Chabot, Steve;RepSteveChabot;OH;R;House
Cheney, Liz;RepLizCheney;WY;R;House
Cherfilus-McCormick, Sheila;CongresswomanSC;FL;D;House
Chu, Judy;RepJudyChu;CA;D;House
Cicilline, David;RepCicilline;RI;D;House
Clark, Katherine;RepKClark;MA;D;House
Clarke, Yvette D.;RepYvetteClarke;NY;D;House
Cleaver, Emanuel;repcleaver;MO;D;House
Cline, Ben;RepBenCline;VA;R;House
Cloud, Michael;RepCloudTX;TX;R;House
Clyburn, James E.;WhipClyburn;SC;D;House
Clyde, Andrew S.;Rep_Clyde ;GA;R;House
Cohen, Steve;RepCohen;TN;D;House
Cole, Tom;TomColeOK04;OK;R;House
Comer, James;RepJamesComer;KY;R;House
"Connolly, Gerald E. ""Gerry""";GerryConnolly;VA;D;House
Conway, Connie;RepConnieConway;CA;R;House
Cooper, Jim;repjimcooper;TN;D;House
Correa, J. Luis;RepLouCorrea;CA;D;House
Costa, Jim;RepJimCosta;CA;D;House
Courtney, Joe;RepJoeCourtney;CT;D;House
Craig, Angie;RepAngieCraig;MN;D;House
Crawford, Rick;RepRickCrawford;AR;R;House
Crenshaw, Dan;RepDanCrenshaw;TX;R;House
Crow, Jason;RepJasonCrow;CO;D;House
Cuellar, Henry;RepCuellar;TX;D;House
Curtis, John R.;RepJohnCurtis;UT;R;House
Davids, Sharice;RepDavids;KS;D;House
Davidson, Warren;WarrenDavidson;OH;R;House
Davis, Danny K.;RepDannyDavis;IL;D;House
Davis, Rodney;RodneyDavis;IL;R;House
Dean, Madeleine;RepDean;PA;D;House
DeFazio, Peter;RepPeterDeFazio;OR;D;House
DeGette, Diana;RepDianaDeGette;CO;D;House
DeLauro, Rosa L.;rosadelauro;CT;D;House
DelBene, Suzan;RepDelBene;WA;D;House
Demings, Val;RepValDemings;FL;D;House
DeSaulnier, Mark;RepDeSaulnier;CA;D;House
DesJarlais, Scott;DesJarlaisTN04;TN;R;House
Diaz-Balart, Mario;MarioDB;FL;R;House
Dingell, Debbie;RepDebDingell;MI;D;House
Doggett, Lloyd;RepLloydDoggett;TX;D;House
Donalds, Byron;RepDonaldsPress;FL;R;House
Doyle, Michael;USRepMikeDoyle;PA;D;House
Duncan, Jeff;RepJeffDuncan;SC;R;House
Dunn, Neal;DrNealDunnFL2;FL;R;House
Ellzey, Jake;RepEllzey;TX;R;House
Emmer, Tom;RepTomEmmer;MN;R;House
Escobar, Veronica;RepEscobar;TX;D;House
Eshoo, Anna G.;RepAnnaEshoo;CA;D;House
Espaillat, Adriano;RepEspaillat;NY;D;House
Estes, Ron;RepRonEstes;KS;R;House
Evans, Dwight;RepDwightEvans;PA;D;House
Fallon, Pat;RepPatFallon;TX;R;House
Feenstra, Randy;RepFeenstra;IA;R;House
Ferguson, A. Drew;RepDrewFerguson;GA;R;House
Finstad, Brad;repfinstad;MN;R;House
Fischbach, Michelle;RepFischbach;MN;R;House
Fitzgerald, Scott;RepFitzgerald;WI;R;House
Fitzpatrick, Brian;RepBrianFitz;PA;R;House
Fleischmann, Chuck;RepChuck;TN;R;House
Fletcher, Lizzie;RepFletcher;TX;D;House
Flood, Mike;USRepMikeFlood;NE;R;House
Flores, Mayra;repmayraflores;TX;R;House
Foster, Bill;RepBillFoster;IL;D;House
Foxx, Virginia;virginiafoxx;NC;R;House
Frankel, Lois;RepLoisFrankel;FL;D;House
Franklin, C. Scott;RepFranklin;FL;R;House
Fulcher, Russ;RepRussFulcher;ID;R;House
Gaetz, Matt;RepMattGaetz;FL;R;House
Gallagher, Mike;RepGallagher;WI;R;House
Gallego, Ruben;RepRubenGallego;AZ;D;House
Garamendi, John;RepGaramendi;CA;D;House
Garbarino, Andrew R.;RepGarbarino;NY;R;House
"García, Jesús ""Chuy""";RepChuyGarcia;IL;D;House
Garcia, Mike;RepMikeGarcia;CA;R;House
Garcia, Sylvia;RepSylviaGarcia;TX;D;House
Gibbs, Bob;RepBobGibbs;OH;R;House
Gimenez, Carlos A.;RepCarlos;FL;R;House
Gohmert, Louie;replouiegohmert;TX;R;House
Golden, Jared;RepGolden;ME;D;House
Gomez, Jimmy;RepJimmyGomez;CA;D;House
Gonzales, Tony;RepTonyGonzales;TX;R;House
González-Cólón, Jenniffer;RepJenniffer;PR;R;House
Gonzalez, Anthony;RepAGonzalez;OH;R;House
Gonzalez, Vicente;RepGonzalez;TX;D;House
Good, Bob;RepBobGood;VA;R;House
Gooden, Lance;Lancegooden;TX;R;House
Gosar, Paul A.;RepGosar;AZ;R;House
Gottheimer, Josh;RepJoshG;NJ;D;House
Granger, Kay;RepKayGranger;TX;R;House
Graves, Garret;RepGarretGraves;LA;R;House
Graves, Sam;RepSamGraves;MO;R;House
Green, Al;RepAlGreen;TX;D;House
Green, Mark;RepMarkGreen;TN;R;House
Greene, Marjorie Taylor;RepMTG;GA;R;House
Griffith, Morgan;RepMGriffith;VA;R;House
Grijalva, Raul;RepRaulGrijalva;AZ;D;House
Grothman, Glenn;RepGrothman;WI;R;House
Guest, Michael;RepMichaelGuest;MS;R;House
Guthrie, S. Brett;RepGuthrie;KY;R;House
Harder, Josh;RepJoshHarder;CA;D;House
Harris, Andy;RepAndyHarrisMD;MD;R;House
Harshbarger, Diana;RepHarshbarger;TN;R;House
Hartzler, Vicky;RepHartzler;MO;R;House
Hayes, Jahana;RepJahanaHayes;CT;D;House
Hern, Kevin;repkevinhern;OK;R;House
Herrell, Yvette;RepHerrell;NM;R;House
Herrera Butler, Jaime;HerreraBeutler;WA;R;House
Hice, Jody;CongressmanHice;GA;R;House
Higgins, Brian;RepBrianHiggins;NY;D;House
Higgins, Clay;RepClayHiggins;LA;R;House
Hill, French;RepFrenchHill;AR;R;House
Himes, Jim;jahimes;CT;D;House
Hinson, Ashley;RepAshleyHinson;IA;R;House
Hollingsworth, Trey;RepTrey;IN;R;House
Horsford, Steven;RepHorsford;NV;D;House
Houlahan, Chrissy;RepHoulahan;PA;D;House
Hoyer, Steny H.;LeaderHoyer;MD;D;House
Hudson, Richard;RepRichHudson;NC;R;House
Huffman, Jared;RepHuffman;CA;D;House
Huizenga, Bill;RepHuizenga;MI;R;House
Issa, Darrell;repdarrellissa;CA;R;House
Jackson Lee, Sheila;JacksonLeeTX18;TX;D;House
Jackson, Ronny;RepRonnyJackson;TX;R;House
Jacobs, Chris;RepJacobs;NY;R;House
Jacobs, Sara;RepSaraJacobs;CA;D;House
Jayapal, Pramila;RepJayapal;WA;D;House
Jeffries, Hakeem;RepJeffries;NY;D;House
Johnson, Bill;RepBillJohnson;OH;R;House
Johnson, Dusty;RepDustyJohnson;SD;R;House
Johnson, Eddie Bernice;RepEBJ;TX;D;House
"Johnson, Henry C. ""Hank"" Jr.";RepHankJohnson;GA;D;House
Johnson, Mike;RepMikeJohnson;LA;R;House
Jones, Mondaire;RepMondaire;NY;D;House
Jordan, Jim;Jim_Jordan;OH;R;House
Joyce, David;RepDaveJoyce;OH;R;House
Joyce, John;RepJohnJoyce;PA;R;House
Kahele, Kaiali'i;KaheleRep;HI;D;House
Kaptur, Marcy;RepMarcyKaptur;OH;D;House
Katko, John;RepJohnKatko;NY;R;House
Keating, William;USRepKeating;MA;D;House
Keller, Fred;RepFredKeller;PA;R;House
Kelly, Mike;MikeKellyPA;PA;R;House
Kelly, Robin;RepRobinKelly;IL;D;House
Kelly, Trent;RepTrentKelly;MS;R;House
Khanna, Ro;RepRoKhanna;CA;D;House
Kildee, Dan;RepDanKildee;MI;D;House
Kilmer, Derek;RepDerekKilmer;WA;D;House
Kim, Andy;RepAndyKimNJ;NJ;D;House
Kim, Young;RepYoungKim;CA;R;House
Kind, Ron;RepRonKind;WI;D;House
Kinzinger, Adam;RepKinzinger;IL;R;House
Kirkpatrick, Ann;RepKirkpatrick;AZ;D;House
Krishnamoorthi, Raja;CongressmanRaja;IL;D;House
Kuster, Ann;RepAnnieKuster;NH;D;House
Kustoff, David;RepDavidKustoff;TN;R;House
LaHood, Darin;RepLaHood;IL;R;House
LaMalfa, Doug;RepLaMalfa;CA;R;House
Lamb, Conor;RepConorLamb;PA;D;House
Lamborn, Doug;RepDLamborn;CO;R;House
Langevin, Jim;JimLangevin;RI;D;House
Larsen, Rick;RepRickLarsen;WA;D;House
Larson, John B.;RepJohnLarson;CT;D;House
Latta, Robert E.;boblatta;OH;R;House
LaTurner, Jake;RepLaTurner;KS;R;House
Lawrence, Brenda;RepLawrence;MI;D;House
Lawson, Al;RepAlLawsonJr;FL;D;House
Lee, Barbara;RepBarbaraLee;CA;D;House
Lee, Susie;RepSusieLee;NV;D;House
Leger Fernandez, Teresa;RepTeresaLF;NM;D;House
Lesko, Debbie;RepDLesko;AZ;R;House
Letlow, Julia;RepJuliaLetlow;LA;R;House
Levin, Andy;RepAndyLevin;MI;D;House
Levin, Mike;RepMikeLevin;CA;D;House
Lieu, Ted;RepTedLieu;CA;D;House
Lofgren, Zoe;RepZoeLofgren;CA;D;House
Long, Billy;USRepLong;MO;R;House
Loudermilk, Barry;RepLoudermilk;GA;R;House
Lowenthal, Alan;RepLowenthal;CA;D;House
Lucas, Frank;RepFrankLucas;OK;R;House
Luetkemeyer, Blaine;RepBlaine;MO;R;House
Luria, Elaine;RepElaineLuria;VA;D;House
Lynch, Stephen F.;RepStephenLynch;MA;D;House
Mace, Nancy;RepNancyMace;SC;R;House
Malinowski, Tom;RepMalinowski;NJ;D;House
Malliotakis, Nicole;RepMalliotakis;NY;R;House
Maloney, Carolyn;RepMaloney;NY;D;House
Maloney, Sean Patrick;RepSeanMaloney;NY;D;House
Mann, Tracey;RepMann;KS;R;House
Manning, Kathy E.;RepKManning;NC;D;House
Massie, Thomas;RepThomasMassie;KY;R;House
Mast, Brian;RepBrianMast;FL;R;House
Matsui, Doris O.;DorisMatsui;CA;D;House
McBath, Lucy;RepLucyMcBath;GA;D;House
McCarthy, Kevin;GOPLeader;CA;R;House
McCaul, Michael T.;RepMcCaul;TX;R;House
McClain, Lisa C.;RepLisaMcClain;MI;R;House
McClintock, Tom;RepMcClintock;CA;R;House
McCollum, Betty;BettyMcCollum04;MN;D;House
McGovern, James;RepMcGovern;MA;D;House
McHenry, Patrick T.;PatrickMcHenry;NC;R;House
McKinley, David;RepMcKinley;WV;R;House
McNerney, Jerry;RepMcNerney;CA;D;House
Meeks, Gregory W.;RepGregoryMeeks;NY;D;House
Meijer, Peter;RepMeijer;MI;R;House
Meng, Grace;RepGraceMeng;NY;D;House
Meuser, Daniel;RepMeuser;PA;R;House
Mfume, Kweisi;RepKweisiMfume;MD;D;House
Miller-Meeks, Mariannette;RepMMM;IA;R;House
Miller, Carol;RepCarolMiller;WV;R;House
Miller, Mary E.;RepMaryMiller;WV;R;House
Moolenaar, John;RepMoolenaar;MI;R;House
Mooney, Alex;RepAlexMooney;WV;R;House
Moore, Barry;RepBarryMoore;AL;R;House
Moore, Blake D.;RepBlakeMoore;UT;R;House
Moore, Gwen;RepGwenMoore;WI;D;House
Morelle, Joe;RepJoeMorelle;NY;D;House
Moulton, Seth;teammoulton;MA;D;House
Mrvan, Frank J.;RepMrvan;IN;D;House
Mullin, Markwayne;RepMullin;OK;R;House
Murphy, Gregory Francis;RepGregMurphy;NC;R;House
Murphy, Stephanie;RepStephMurphy;FL;D;House
Nadler, Jerrold;RepJerryNadler;NY;D;House
Napolitano, Grace;gracenapolitano;CA;D;House
Neal, Richard E.;RepRichardNeal;MA;D;House
Neguse, Joe;RepJoeNeguse;CO;D;House
Nehls, Troy E.;RepTroyNehls;TX;R;House
Newhouse, Dan;RepNewhouse;WA;R;House
Newman, Marie;RepMarieNewman;IL;D;House
Norcross, Donald;DonaldNorcross;NJ;D;House
Norman, Ralph;RepRalphNorman;SC;R;House
Norton, Eleanor Holmes;EleanorNorton;DC;D;House
O'Halleran, Tom;RepOHalleran;AZ;D;House
Obernolte, Jay;JayObernolte;CA;R;House
Ocasio-Cortez, Alexandria;RepAOC;NY;D;House
Omar, Ilhan;Ilhan;MN;D;House
Owens, Burgess;RepBurgessOwens;UT;R;House
Palazzo, Steven;CongPalazzo;MS;R;House
Pallone Jr., Frank;FrankPallone;NJ;D;House
Palmer, Gary;USRepGaryPalmer;AL;R;House
Panetta, Jimmy;RepJimmyPanetta;CA;D;House
Pappas, Chris;RepChrisPappas;NH;D;House
Pascrell Jr., Bill;BillPascrell;NJ;D;House
Payne Jr., Donald;RepDonaldPayne;NJ;D;House
Pelosi, Nancy;SpeakerPelosi;CA;D;House
Peltola, Mary;MaryPeltola;AK;D;House
Pence, Greg;RepGregPence;IN;R;House
Perlmutter, Ed;RepPerlmutter;CO;D;House
Perry, Scott;RepScottPerry;PA;R;House
Peters, Scott;RepScottPeters;CA;D;House
Pfluger, August;RepPfluger;TX;R;House
Phillips, Dean;RepDeanPhillips;MN;D;House
Pingree, Chellie;chelliepingree;ME;D;House
Plaskett, Stacey;StaceyPlaskett;VI;D;House
Pocan, Mark;repmarkpocan;WI;D;House
Porter, Katie;RepKatiePorter;CA;D;House
Posey, Bill;congbillposey;FL;R;House
Pressley, Ayanna;RepPressley;MA;D;House
Price, David;RepDavidEPrice;NC;D;House
Quigley, Mike;RepMikeQuigley;IL;D;House
Radewagen, Amata;RepAmata;AS;R;House
Raskin, Jamie;RepRaskin;MD;D;House
Reschenthaler, Guy;GReschenthaler;PA;R;House
Rice, Kathleen;RepKathleenRice;NY;D;House
Rice, Tom;RepTomRice;SC;R;House
Rodgers, Cathy McMorris;cathymcmorris;WA;R;House
Rogers, Harold;RepHalRogers;KY;R;House
Rogers, Mike;RepMikeRogersAL;AL;R;House
Rose, John W.;RepJohnRose;TN;R;House
Rosendale, Matthew M.;RepRosendale;MT;R;House
Ross, Deborah K.;RepDeborahRoss;NC;D;House
Rouzer, David;RepDavidRouzer;NC;R;House
Roy, Chip;RepChipRoy;TX;R;House
Roybal-Allard, Lucille;RepRoybalAllard;CA;D;House
Ruiz, Raul;RepRaulRuizMD;CA;D;House
Ruppersberger, C. A. Dutch;Call_Me_Dutch;MD;D;House
Rush, Bobby L.;RepBobbyRush;IL;D;House
Rutherford, John;RepRutherfordFL;FL;R;House
Ryan, Pat;PatRyanUC;NY;D;House
Ryan, Tim;RepTimRyan;OH;D;House
Sablan, Gregorio;Kilili_Sablan;MP;D;House
Salazar, Maria Elvira;RepMariaSalazar;FL;R;House
San Nicolas, Michael F. Q.;GuamCongressman;GU;D;House
Sánchez, Linda;RepLindaSanchez;CA;D;House
Sarbanes, John P.;RepSarbanes;MD;D;House
Scalise, Steve;SteveScalise;LA;R;House
Scanlon, Mary Gay;RepMGS;PA;D;House
Schakowsky, Jan;janschakowsky;IL;D;House
Schiff, Adam;RepAdamSchiff;CA;D;House
Schneider, Bradley;RepSchneider;IL;D;House
Schrader, Kurt;RepSchrader;OR;D;House
Schrier, Kim;RepKimSchrier;WA;D;House
Schweikert, David;RepDavid;AZ;R;House
Scott, Austin;AustinScottGA08;GA;R;House
Scott, David;repdavidscott;GA;D;House
Scott, Robert C.;BobbyScott;VA;D;House
Sessions, Pete;PeteSessions;TX;R;House
Sewell, Terri A.;RepTerriSewell;AL;D;House
Sherman, Brad;BradSherman;CA;D;House
Sherrill, Mikie;RepSherrill;NJ;D;House
Simpson, Mike;CongMikeSimpson;ID;R;House
Sires, Albio;RepSires;NJ;D;House
Slotkin, Elissa;RepSlotkin;MI;D;House
Smith, Adam;RepAdamSmith;WA;D;House
Smith, Adrian;RepAdrianSmith;NE;R;House
Smith, Chris;;NJ;R;House
Smith, Jason;RepJasonSmith;MO;R;House
Smucker, Lloyd;RepSmucker;PA;R;House
Soto, Darren;RepDarrenSoto;FL;D;House
Spanberger, Abigail;RepSpanberger;VA;D;House
Spartz, Victoria;RepSpartz;IN;R;House
Speier, Jackie;RepSpeier;CA;D;House
Stansbury, Melanie ;Rep_Stansbury;NM;D;House
Stanton, Greg;RepGregStanton;AZ;D;House
Stauber, Pete;RepPeteStauber;MN;R;House
Steel, Michelle;RepSteel;CA;R;House
Stefanik, Elise;RepStefanik;NY;R;House
Steil, Bryan;RepBryanSteil;WI;R;House
Steube, W. Gregory;RepGregSteube;FL;R;House
Stevens, Haley;RepHaleyStevens;MI;D;House
Stewart, Chris;RepChrisStewart;UT;R;House
Strickland, Marilyn;RepStricklandWA;WA;D;House
Suozzi, Thomas;RepTomSuozzi;NY;D;House
Swalwell, Eric;RepSwalwell;CA;D;House
Takano, Mark;RepMarkTakano;CA;D;House
Taylor, Van;RepVanTaylor;TX;R;House
Tenney, Claudia;claudiatenney;NY;R;House
Thompson, Bennie G.;BennieGThompson;MS;D;House
Thompson, Glenn;CongressmanGT;PA;R;House
Thompson, Mike;RepThompson;CA;D;House
Tiffany, Thomas P.;RepTiffany;WI;R;House
Timmons, William;RepTimmons;SC;R;House
Titus, Dina;repdinatitus;NV;D;House
Tlaib, Rashida;RepRashida;MI;D;House
Tonko, Paul D.;RepPaulTonko;NY;D;House
Torres, Norma;NormaJTorres;CA;D;House
Torres, Ritchie;RepRitchie;NY;D;House
Trahan, Lori;RepLoriTrahan;MA;D;House
Trone, David;RepDavidTrone;MD;D;House
Turner, Mike;RepMikeTurner;OH;R;House
Underwood, Lauren;RepUnderwood;IL;D;House
Upton, Fred;RepFredUpton;MI;R;House
Valadao, David G.;RepDavidValadao;CA;R;House
Van Drew, Jefferson;Congressman_JVD;NJ;R;House
Van Duyne, Beth;RepBethVanDuyne;TX;R;House
Vargas, Juan;RepJuanVargas;CA;D;House
Veasey, Marc;RepVeasey;TX;R;House
Velázquez, Nydia M.;NydiaVelazquez;NY;D;House
Wagner, Ann;RepAnnWagner;MO;R;House
Walberg, Tim;RepWalberg;MI;R;House
Waltz, Michael;michaelgwaltz;FL;R;House
Wasserman Schultz, Debbie;RepDWStweets;FL;R;House
Waters, Maxine;RepMaxineWaters;CA;D;House
Watson Coleman, Bonnie;RepBonnie;NJ;D;House
Weber, Randy;TXRandy14;TX;R;House
Webster, Daniel;RepWebster;FL;R;House
Welch, Peter;PeterWelch;VT;D;House
Wenstrup, Brad;RepBradWenstrup;OH;R;House
Westerman, Bruce;RepWesterman;AR;R;House
Wexton, Jennifer;RepWexton;VA;D;House
Wild, Susan;RepSusanWild;PA;D;House
Williams, Nikema;RepNikema;GA;D;House
Williams, Roger;RepRWilliams;TX;R;House
Wilson, Frederica;RepWilson;FL;D;House
Wilson, Joe;RepJoeWilson;SC;R;House
Wittman, Robert J.;RobWittman;VA;R;House
Womack, Steve;rep_stevewomack;AR;R;House
Yakym, Rudy;RudyYakym;IN;R;House
Yarmuth, John A.;RepJohnYarmuth;KY;D;House
Zeldin, Lee;RepLeeZeldin;NY;R;House
Baldwin, Tammy;SenatorBaldwin;WI;D;Senate
Barrasso, John;SenJohnBarrasso;WY;R;Senate
Bennet, Michael F.;SenatorBennet;CO;D;Senate
Blackburn, Marsha;MarshaBlackburn;TN;R;Senate
Blumenthal, Richard;SenBlumenthal;CT;D;Senate
Blunt, Roy;RoyBlunt;MO;R;Senate
Booker, Cory A.;CoryBooker;NJ;D;Senate
Boozman, John;JohnBoozman;AR;R;Senate
Braun, Mike;SenatorBraun;IN;R;Senate
Brown, Sherrod;SenSherrodBrown;OH;D;Senate
Burr, Richard;SenatorBurr;NC;R;Senate
Cantwell, Maria;SenatorCantwell;WA;D;Senate
Capito, Shelley Moore;SenCapito;WV;R;Senate
Cardin, Benjamin L.;SenatorCardin;MD;D;Senate
Carper, Thomas R.;SenatorCarper;DE;D;Senate
Casey, Robert P. Jr.;SenBobCasey;PA;D;Senate
Cassidy, Bill;SenBillCassidy;LA;R;Senate
Collins, Susan M.;SenatorCollins;ME;R;Senate
Coons, Christopher A.;ChrisCoons;DE;D;Senate
Cornyn, John;JohnCornyn;TX;R;Senate
Cortez Masto, Catherine;SenCortezMasto;NV;D;Senate
Cotton, Tom;SenTomCotton;AR;R;Senate
Cramer, Kevin;SenKevinCramer;ND;R;Senate
Crapo, Mike;MikeCrapo;ID;R;Senate
Cruz, Ted;SenTedCruz;TX;R;Senate
Daines, Steve;SteveDaines;MT;R;Senate
Duckworth, Tammy;SenDuckworth;IL;D;Senate
Durbin, Richard J.;SenatorDurbin;IL;D;Senate
Ernst, Joni;SenJoniErnst;IA;R;Senate
Feinstein, Dianne;SenFeinstein;CA;D;Senate
Fischer, Deb;SenatorFischer;NE;R;Senate
Gillibrand, Kirsten E.;SenGillibrand;NY;D;Senate
Graham, Lindsey;LindseyGrahamSC;SC;R;Senate
Grassley, Chuck;ChuckGrassley;IA;R;Senate
Hagerty, Bill;SenatorHagerty;TN;R;Senate
Hassan, Margaret Wood;SenatorHassan;NH;D;Senate
Hawley, Josh;HawleyMO;MO;R;Senate
Heinrich, Martin;MartinHeinrich;NM;D;Senate
Hickenlooper, John W.;SenatorHick;CO;D;Senate
Hirono, Mazie K.;maziehirono;HI;D;Senate
Hoeven, John;SenJohnHoeven;ND;R;Senate
Hyde-Smith, Cindy;SenHydeSmith;MS;R;Senate
Inhofe, James M.;JimInhofe;OK;R;Senate
Johnson, Ron;SenRonJohnson;WI;R;Senate
Kaine, Tim;timkaine;VA;D;Senate
Kelly, Mark;SenMarkKelly;AZ;D;Senate
Kennedy, John;SenJohnKennedy;LA;R;Senate
King, Angus S. Jr.;SenAngusKing;ME;I;Senate
Klobuchar, Amy;SenAmyKlobuchar;MN;D;Senate
Lankford, James;SenatorLankford;OK;R;Senate
Leahy, Patrick J.;SenatorLeahy;VT;D;Senate
Lee, Mike;SenMikeLee;UT;R;Senate
Luján, Ben Ray;SenatorLujan;NM;D;Senate
Lummis, Cynthia M.;SenLummis;WY;R;Senate
Manchin, Joe, III;Sen_JoeManchin;WV;D;Senate
Markey, Edward J.;SenMarkey;MA;D;Senate
Marshall, Roger;SenatorMarshall;KS;R;Senate
McConnell, Mitch;senatemajldr;KY;R;Senate
Menendez, Bob;SenatorMenendez;NJ;D;Senate
Merkley, Jeff;SenJeffMerkley;OR;D;Senate
Moran, Jerry;JerryMoran;KS;R;Senate
Murkowski, Lisa;lisamurkowski;AK;R;Senate
Murphy, Christopher;ChrisMurphyCT;CT;D;Senate
Murray, Patty;PattyMurray;WA;D;Senate
Ossoff, Jon;ossoff;GA;D;Senate
Padilla, Alex;SenAlexPadilla;CA;D;Senate
Paul, Rand;RandPaul;KY;R;Senate
Peters, Gary C.;SenGaryPeters;MI;D;Senate
Portman, Rob;senrobportman;OH;R;Senate
Reed, Jack;SenJackReed;RI;D;Senate
Risch, James E.;SenatorRisch;ID;R;Senate
Romney, Mitt;SenatorRomney;UT;R;Senate
Rosen, Jacky;SenJackyRosen;NV;D;Senate
Rounds, Mike;SenatorRounds;SD;R;Senate
Rubio, Marco;marcorubio;FL;R;Senate
Sanders, Bernard;SenSanders;VT;I;Senate
Sasse, Ben;SenSasse;NE;R;Senate
Schatz, Brian;SenBrianSchatz;HI;D;Senate
Schumer, Charles E.;SenSchumer;NY;D;Senate
Scott, Rick;SenRickScott;FL;R;Senate
Scott, Tim;SenatorTimScott;SC;R;Senate
Shaheen, Jeanne;SenatorShaheen;NH;D;Senate
Shelby, Richard C.;SenShelby;AL;R;Senate
Sinema, Kyrsten;SenatorSinema;AZ;D;Senate
Smith, Tina;SenTinaSmith;MN;D;Senate
Stabenow, Debbie;SenStabenow;MI;D;Senate
Sullivan, Dan;SenDanSullivan;AK;R;Senate
Tester, Jon;SenatorTester;MT;D;Senate
Thune, John;SenJohnThune;SD;R;Senate
Tillis, Thom;SenThomTillis;NC;R;Senate
Toomey, Patrick J.;SenToomey;PA;R;Senate
Tuberville, Tommy;SenTuberville;AL;R;Senate
Van Hollen, Chris;ChrisVanHollen;MD;D;Senate
Warner, Mark R.;MarkWarner;VA;D;Senate
Warnock, Raphael G.;SenatorWarnock;GA;D;Senate
Warren, Elizabeth;SenWarren;MA;D;Senate
Whitehouse, Sheldon;SenWhitehouse;RI;D;Senate
Wicker, Roger F.;SenatorWicker;MS;R;Senate
Wyden, Ron;RonWyden;OR;D;Senate
Young, Todd;SenToddYoung;IN;R;Senate
