congress,chamber,icpsr,state_icpsr,district_code,state_abbrev,party_code,occupancy,last_means,bioname,bioguide_id,born,died,nominate_dim1,nominate_dim2,nominate_log_likelihood,nominate_geo_mean_probability,nominate_number_of_votes,nominate_number_of_errors,conditional,nokken_poole_dim1,nokken_poole_dim2
117,President,99912,99,0.0,USA,200.0,0,0,"TRUMP, Donald John",,1946.0,,0.403,0.162,,,,,,,
117,President,99913,99,0.0,USA,100.0,0,0,"BIDEN, Joseph Robinette (Joe), Jr.",B000444,1942.0,,-0.32,0.283,,,,,,,
117,House,20301,41,3.0,AL,200.0,,,"ROGERS, Mike Dennis",R000575,1958.0,,0.379,0.377,-85.81,0.89936,809,31,,0.419,0.537
117,House,21102,41,7.0,AL,100.0,,,"SEWELL, Terri",S001185,1965.0,,-0.402,0.394,-22.17385,0.97351,826,9,,-0.492,0.476
117,House,21193,41,5.0,AL,200.0,,,"BROOKS, Mo",B001274,1954.0,,0.652,-0.417,-168.03035,0.8141,817,80,,0.697,-0.288
117,House,21500,41,6.0,AL,200.0,,,"PALMER, Gary James",P000609,1954.0,,0.672,0.108,-110.79282,0.87518,831,49,,0.648,0.245
117,House,22108,41,1.0,AL,200.0,,,"CARL, Jerry L.",C001054,1958.0,,0.55,0.239,-80.07435,0.90856,835,30,,0.51,0.568
117,House,22140,41,2.0,AL,200.0,,,"MOORE, Barry",M001212,1966.0,,0.647,-0.236,-154.01933,0.8297,825,77,,0.633,-0.132
117,House,29701,41,4.0,AL,200.0,,,"ADERHOLT, Robert",A000055,1965.0,,0.405,0.467,-127.71407,0.85706,828,55,,0.541,0.365
117,House,14066,81,1.0,AK,200.0,,,"YOUNG, Donald Edwin",Y000033,1933.0,2022.0,0.283,0.022,-83.13235,0.81484,406,33,,0.255,0.047
117,House,22168,81,1.0,AK,100.0,,,"PELTOLA, Mary Sattler",P000619,1973.0,,-0.138,0.378,-5.15177,0.95581,114,1,,-0.627,-0.363
117,House,21995,93,0.0,AS,200.0,,,"RADEWAGEN, Aumua Amata Coleman",R000600,1947.0,,0.327,0.195,,,,,,,
117,House,20305,61,3.0,AZ,100.0,,,"GRIJALVA, Raúl M.",G000551,1948.0,2025.0,-0.598,-0.264,-11.35376,0.98632,824,3,,-0.527,-0.305
117,House,20902,61,2.0,AZ,100.0,,,"KIRKPATRICK, Ann",K000368,1950.0,,-0.169,-0.01,-30.95096,0.96374,838,14,,-0.423,0.144
117,House,21103,61,4.0,AZ,200.0,,,"GOSAR, Paul",G000565,1958.0,,0.703,-0.519,-151.88995,0.83147,823,67,,0.733,-0.53
117,House,21105,61,6.0,AZ,200.0,,,"SCHWEIKERT, David",S001183,1962.0,,0.553,-0.219,-156.12152,0.82984,837,73,,0.549,-0.241
117,House,21502,61,7.0,AZ,100.0,,,"GALLEGO, Ruben",G000574,1979.0,,-0.357,0.139,-15.93648,0.98112,836,6,,-0.488,0.334
117,House,21705,61,5.0,AZ,200.0,,,"BIGGS, Andrew S.",B001302,1958.0,,0.818,-0.575,-127.70797,0.8577,832,54,,0.772,-0.636
117,House,21739,61,1.0,AZ,100.0,,,"O'HALLERAN, Thomas C.",O000171,1946.0,,-0.198,0.18,-27.28299,0.96759,828,7,,-0.298,0.492
117,House,21757,61,8.0,AZ,200.0,,,"LESKO, Debbie",L000589,1958.0,,0.616,-0.104,-131.80709,0.8423,768,51,,0.614,-0.139
117,House,21968,61,9.0,AZ,100.0,,,"STANTON, Greg",S001211,1970.0,,-0.282,0.265,-20.78657,0.97556,840,7,,-0.264,0.254
117,House,21106,42,1.0,AR,200.0,,,"CRAWFORD, Rick",C001087,1966.0,,0.462,0.302,-123.62474,0.86208,833,46,,0.558,0.339
117,House,21108,42,3.0,AR,200.0,,,"WOMACK, Steve",W000809,1957.0,,0.347,0.635,-78.67211,0.91059,840,34,,0.334,0.586
117,House,21503,42,2.0,AR,200.0,,,"HILL, French",H001072,1956.0,,0.435,0.28,-70.01513,0.9192,831,26,,0.398,0.353
117,House,21563,42,4.0,AR,200.0,,,"WESTERMAN, Bruce",W000821,1967.0,,0.543,0.26,-73.8784,0.91474,829,26,,0.537,0.375
117,House,15448,71,12.0,CA,100.0,,,"PELOSI, Nancy",P000197,1940.0,,-0.489,-0.175,-0.6097,0.99497,121,0,,-0.413,0.253
117,House,20104,71,28.0,CA,100.0,,,"SCHIFF, Adam",S001150,1960.0,,-0.353,-0.117,-16.38188,0.98069,840,7,,-0.457,-0.173
117,House,20107,71,50.0,CA,200.0,,,"ISSA, Darrell",I000056,1953.0,,0.476,0.032,-95.36689,0.88906,811,35,,0.418,0.252
117,House,20307,71,22.0,CA,200.0,,,"NUNES, Devin",N000181,1973.0,,0.45,0.223,-18.62697,0.95129,373,6,,0.456,0.68
117,House,20310,71,38.0,CA,100.0,,,"SÁNCHEZ, Linda T.",S001156,1969.0,,-0.507,-0.132,-10.61595,0.98735,834,4,,-0.453,-0.179
117,House,20501,71,16.0,CA,100.0,,,"COSTA, Jim",C001059,1952.0,,-0.199,0.449,-33.9108,0.95949,820,9,,-0.245,0.176
117,House,20538,71,6.0,CA,100.0,,,"MATSUI, Doris",M001163,1944.0,,-0.433,-0.148,-17.16371,0.97951,829,7,,-0.458,-0.035
117,House,20702,71,9.0,CA,100.0,,,"MCNERNEY, Jerry",M001166,1951.0,,-0.263,-0.159,-17.91455,0.97877,835,6,,-0.43,-0.142
117,House,20703,71,23.0,CA,200.0,,,"MCCARTHY, Kevin",M001165,1965.0,,0.453,0.233,-83.61265,0.90261,816,29,,0.457,0.304
117,House,20762,71,14.0,CA,100.0,,,"SPEIER, Karen Lorraine Jacqueline (Jackie)",S001175,1950.0,,-0.381,-0.41,-41.4487,0.94926,796,10,,-0.389,-0.11
117,House,20903,71,4.0,CA,200.0,,,"McCLINTOCK, Tom",M001177,1956.0,,0.671,-0.36,-227.97889,0.75728,820,104,,0.614,-0.418
117,House,20955,71,27.0,CA,100.0,,,"CHU, Judy",C001080,1953.0,,-0.479,-0.37,-14.47979,0.98287,838,4,,-0.573,-0.255
117,House,20958,71,3.0,CA,100.0,,,"GARAMENDI, John",G000559,1945.0,,-0.312,-0.102,-24.7249,0.97069,831,8,,-0.317,-0.175
117,House,21110,71,37.0,CA,100.0,,,"BASS, Karen",B001270,1953.0,,-0.584,-0.098,-20.59215,0.97437,793,3,,-0.553,-0.015
117,House,21302,71,1.0,CA,200.0,,,"LAMALFA, Doug",L000578,1960.0,2026.0,0.542,0.007,-142.63991,0.83926,814,60,,0.519,-0.007
117,House,21303,71,2.0,CA,100.0,,,"HUFFMAN, Jared",H001068,1964.0,,-0.432,-0.511,-12.66483,0.98493,834,3,,-0.524,-0.441
117,House,21304,71,7.0,CA,100.0,,,"BERA, Ami",B001287,1965.0,,-0.246,0.005,-19.70641,0.97623,819,7,,-0.352,0.115
117,House,21306,71,15.0,CA,100.0,,,"SWALWELL, Eric",S001193,1980.0,,-0.355,-0.05,-20.44653,0.97578,834,7,,-0.285,-0.051
117,House,21307,71,21.0,CA,200.0,,,"VALADAO, David G.",V000129,1977.0,,0.256,0.436,-73.96272,0.91405,823,23,,0.283,0.311
117,House,21308,71,26.0,CA,100.0,,,"BROWNLEY, Julia",B001285,1952.0,,-0.306,0.049,-13.46053,0.98395,832,3,,-0.393,0.224
117,House,21309,71,29.0,CA,100.0,,,"CÁRDENAS, Tony",C001097,1963.0,,-0.39,-0.046,-19.51907,0.9767,828,10,,-0.527,0.007
117,House,21311,71,36.0,CA,100.0,,,"RUIZ, Raul",R000599,1972.0,,-0.262,0.044,-20.75348,0.97557,839,12,,-0.482,0.292
117,House,21312,71,41.0,CA,100.0,,,"TAKANO, Mark",T000472,1960.0,,-0.457,-0.336,-15.45501,0.98153,829,8,,-0.466,-0.383
117,House,21313,71,47.0,CA,100.0,,,"LOWENTHAL, Alan",L000579,1941.0,,-0.449,-0.384,-23.48437,0.97223,834,9,,-0.409,-0.501
117,House,21314,71,51.0,CA,100.0,,,"VARGAS, Juan",V000130,1961.0,,-0.399,0.013,-18.30391,0.97808,826,7,,-0.507,-0.08
117,House,21315,71,52.0,CA,100.0,,,"PETERS, Scott",P000608,1958.0,,-0.194,-0.037,-27.61166,0.96701,823,12,,-0.258,0.288
117,House,21504,71,11.0,CA,100.0,,,"DESAULNIER, Mark James",D000623,1952.0,,-0.508,-0.362,-16.01252,0.98098,834,8,,-0.544,-0.38
117,House,21506,71,31.0,CA,100.0,,,"AGUILAR, Peter Rey",A000371,1979.0,,-0.327,0.144,-16.23455,0.98081,838,6,,-0.406,0.281
117,House,21507,71,33.0,CA,100.0,,,"LIEU, Ted",L000582,1969.0,,-0.368,-0.204,-15.85161,0.98115,833,6,,-0.434,-0.126
117,House,21508,71,35.0,CA,100.0,,,"TORRES, Norma Judith",T000474,1965.0,,-0.365,0.069,-22.25411,0.97342,826,7,,-0.481,0.33
117,House,21703,71,44.0,CA,100.0,,,"BARRAGÁN, Nanette Diaz",B001300,1976.0,,-0.498,-0.115,-16.415,0.98044,831,4,,-0.483,-0.284
117,House,21709,71,24.0,CA,100.0,,,"CARBAJAL, Salud",C001112,1964.0,,-0.324,0.101,-19.78609,0.97672,840,11,,-0.292,-0.022
117,House,21711,71,46.0,CA,100.0,,,"CORREA, Jose Luis",C001110,1958.0,,-0.284,0.184,-37.84024,0.95585,838,14,,-0.331,0.057
117,House,21728,71,17.0,CA,100.0,,,"KHANNA, Ro",K000389,1976.0,,-0.459,-0.292,-15.65962,0.9814,834,9,,-0.333,-0.429
117,House,21740,71,20.0,CA,100.0,,,"PANETTA, James Varni",P000613,1969.0,,-0.284,0.191,-30.01316,0.9649,840,13,,-0.248,0.17
117,House,21754,71,34.0,CA,100.0,,,"GOMEZ, Jimmy",G000585,1974.0,,-0.53,-0.264,-19.53994,0.97687,835,8,,-0.398,-0.57
117,House,21930,71,10.0,CA,100.0,,,"HARDER, Josh",H001090,1986.0,,-0.299,0.438,-22.74248,0.97316,836,9,,-0.37,0.459
117,House,21939,71,49.0,CA,100.0,,,"LEVIN, Mike",L000593,1978.0,,-0.32,0.152,-17.97177,0.97883,840,9,,-0.414,0.35
117,House,21954,71,45.0,CA,100.0,,,"PORTER, Katie",P000618,1974.0,,-0.236,-0.332,-32.69967,0.96169,837,15,,-0.281,-0.414
117,House,21988,71,25.0,CA,200.0,,,"GARCIA, Mike",G000061,1976.0,,0.356,0.097,-105.65754,0.88087,833,43,,0.365,0.044
117,House,22126,71,53.0,CA,100.0,,,"JACOBS, Sara",J000305,1989.0,,-0.417,-0.423,-17.02125,0.97965,828,7,,-0.33,-0.446
117,House,22129,71,39.0,CA,200.0,,,"KIM, Young",K000397,1962.0,,0.262,0.385,-90.9381,0.89693,836,40,,0.275,0.25
117,House,22145,71,8.0,CA,200.0,,,"OBERNOLTE, Jay",O000019,1970.0,,0.317,0.291,-126.63028,0.85913,834,53,,0.323,0.229
117,House,22152,71,48.0,CA,200.0,,,"STEEL, Michelle",S001135,1955.0,,0.37,0.275,-80.58995,0.90747,830,35,,0.359,0.338
117,House,22164,71,22.0,CA,200.0,,,"CONWAY, Connie",C001128,1950.0,,0.376,0.295,-21.90512,0.9099,232,9,,0.379,0.27
117,House,29106,71,43.0,CA,100.0,,,"WATERS, Maxine",W000187,1938.0,,-0.656,-0.094,-52.21219,0.93809,817,20,,-0.883,-0.035
117,House,29312,71,18.0,CA,100.0,,,"ESHOO, Anna Georges",E000215,1942.0,,-0.379,-0.372,-21.87161,0.97412,834,9,,-0.362,-0.124
117,House,29317,71,40.0,CA,100.0,,,"ROYBAL-ALLARD, Lucille",R000486,1941.0,,-0.469,-0.171,-24.87001,0.97069,836,11,,-0.428,0.179
117,House,29323,71,42.0,CA,200.0,,,"CALVERT, Ken",C000059,1953.0,,0.339,0.278,-72.8941,0.91573,828,33,,0.335,0.439
117,House,29504,71,19.0,CA,100.0,,,"LOFGREN, Zoe",L000397,1947.0,,-0.396,-0.4,-39.01821,0.95397,828,12,,-0.277,-0.307
117,House,29707,71,30.0,CA,100.0,,,"SHERMAN, Brad",S000344,1954.0,,-0.345,-0.139,-16.80201,0.9801,836,5,,-0.422,0.11
117,House,29778,71,13.0,CA,100.0,,,"LEE, Barbara",L000551,1946.0,,-0.676,-0.582,-15.71547,0.98129,832,5,,-0.506,-0.589
117,House,29901,71,5.0,CA,100.0,,,"THOMPSON, Michael",T000460,1951.0,,-0.392,0.071,-20.09967,0.9763,838,8,,-0.295,-0.079
117,House,29903,71,32.0,CA,100.0,,,"NAPOLITANO, Grace Flores",N000179,1936.0,,-0.448,-0.247,-10.06478,0.98808,839,2,,-0.458,-0.2
117,House,20704,62,5.0,CO,200.0,,,"LAMBORN, Doug",L000564,1954.0,,0.665,0.257,-112.62356,0.87239,825,49,,0.596,0.18
117,House,20705,62,7.0,CO,100.0,,,"PERLMUTTER, Ed",P000593,1953.0,,-0.282,0.072,-21.52777,0.97464,838,11,,-0.349,0.041
117,House,21510,62,4.0,CO,200.0,,,"BUCK, Kenneth Robert",B001297,1959.0,,0.655,-0.432,-158.25462,0.81929,794,83,,0.677,-0.445
117,House,21912,62,6.0,CO,100.0,,,"CROW, Jason",C001121,1979.0,,-0.364,0.202,-20.89068,0.97526,834,12,,-0.335,0.23
117,House,21948,62,2.0,CO,100.0,,,"NEGUSE, Joseph",N000191,1984.0,,-0.431,-0.105,-15.29521,0.98193,839,4,,-0.313,-0.3
117,House,22103,62,3.0,CO,200.0,,,"BOEBERT, Lauren",B000825,1986.0,,0.714,-0.522,-141.93166,0.84089,819,62,,0.761,-0.534
117,House,29710,62,1.0,CO,100.0,,,"DEGETTE, Diana",D000197,1957.0,,-0.431,-0.308,-19.3791,0.97709,836,9,,-0.371,-0.253
117,House,20706,1,2.0,CT,100.0,,,"COURTNEY, Joe",C001069,1953.0,,-0.336,0.042,-26.84805,0.96854,840,14,,-0.278,-0.036
117,House,20907,1,4.0,CT,100.0,,,"HIMES, James A.",H001047,1966.0,,-0.241,-0.204,-44.23548,0.94846,836,16,,-0.204,-0.183
117,House,21931,1,5.0,CT,100.0,,,"HAYES, Jahana",H001081,1973.0,,-0.341,-0.041,-33.96487,0.96037,840,13,,-0.373,-0.147
117,House,29109,1,3.0,CT,100.0,,,"DeLAURO, Rosa L.",D000216,1943.0,,-0.414,-0.106,-56.45893,0.93462,835,18,,-0.257,-0.29
117,House,29908,1,1.0,CT,100.0,,,"LARSON, John B.",L000557,1948.0,,-0.396,-0.039,-33.5817,0.96035,830,12,,-0.282,-0.104
117,House,21706,11,1.0,DE,100.0,,,"BLUNT ROCHESTER, Lisa",B001303,1962.0,,-0.388,-0.116,-17.74234,0.97908,839,8,,-0.377,-0.159
117,House,21993,55,0.0,DC,100.0,,,"NORTON, Eleanor Holmes",N000147,1937.0,,-0.491,-0.114,-0.19623,0.98502,13,0,,-0.411,-0.874
117,House,20316,43,25.0,FL,200.0,,,"DIAZ-BALART, Mario",D000600,1961.0,,0.281,0.162,-85.4948,0.90122,822,30,,0.311,0.332
117,House,20504,43,23.0,FL,100.0,,,"WASSERMAN SCHULTZ, Debbie",W000797,1966.0,,-0.413,0.104,-24.57825,0.97113,839,10,,-0.362,0.238
117,House,20708,43,14.0,FL,100.0,,,"CASTOR, Kathy",C001066,1966.0,,-0.435,0.076,-25.4479,0.96977,829,12,,-0.506,0.311
117,House,20709,43,16.0,FL,200.0,,,"BUCHANAN, Vernon G.",B001260,1951.0,,0.361,-0.078,-93.65099,0.89244,823,31,,0.429,0.226
117,House,20758,43,12.0,FL,200.0,,,"BILIRAKIS, Gus",B001257,1963.0,,0.423,-0.03,-85.22518,0.90275,833,27,,0.433,0.07
117,House,20909,43,8.0,FL,200.0,,,"POSEY, Bill",P000599,1947.0,,0.533,-0.353,-165.61276,0.81426,806,72,,0.541,-0.326
117,House,20959,43,22.0,FL,100.0,,,"DEUTCH, Theodore E. (Ted)",D000610,1966.0,,-0.401,-0.078,-13.51561,0.98183,737,6,,-0.469,0.307
117,House,21116,43,11.0,FL,200.0,,,"WEBSTER, Daniel A.",W000806,1949.0,,0.524,-0.076,-142.32249,0.83144,771,68,,0.583,-0.108
117,House,21118,43,24.0,FL,100.0,,,"WILSON, Frederica",W000808,1942.0,,-0.476,-0.004,-16.98374,0.97979,832,8,,-0.572,0.123
117,House,21321,43,21.0,FL,100.0,,,"FRANKEL, Lois",F000462,1948.0,,-0.395,-0.021,-21.51532,0.97444,831,12,,-0.524,0.174
117,House,21712,43,13.0,FL,100.0,,,"CRIST, Charlie Joseph, Jr.",C001111,1956.0,,-0.227,0.079,-21.6091,0.97051,722,10,,-0.26,0.273
117,House,21713,43,10.0,FL,100.0,,,"DEMINGS, Valdez",D000627,1957.0,,-0.322,-0.006,-35.54213,0.95843,837,18,,-0.241,0.204
117,House,21714,43,2.0,FL,200.0,,,"DUNN, Neal Patrick",D000628,1953.0,,0.508,0.337,-83.83088,0.90349,826,31,,0.47,0.505
117,House,21719,43,1.0,FL,200.0,,,"GAETZ, Matthew L. II",G000578,1982.0,,0.593,-0.643,-259.48644,0.72873,820,111,,0.562,-0.717
117,House,21732,43,5.0,FL,100.0,,,"LAWSON, Alfred Jr.",L000586,1948.0,,-0.26,0.076,-26.65543,0.96862,836,10,,-0.344,0.163
117,House,21735,43,18.0,FL,200.0,,,"MAST, Brian Jeffrey",M001199,1980.0,,0.461,-0.327,-209.42459,0.77437,819,110,,0.519,-0.363
117,House,21738,43,7.0,FL,100.0,,,"MURPHY, Stephanie",M001202,1978.0,,-0.161,0.123,-56.4531,0.93009,779,20,,-0.181,0.332
117,House,21744,43,4.0,FL,200.0,,,"RUTHERFORD, John Henry",R000609,1952.0,,0.434,0.072,-170.89492,0.80809,802,71,,0.477,-0.051
117,House,21746,43,9.0,FL,100.0,,,"SOTO, Darren Michael",S001200,1978.0,,-0.341,0.218,-25.89198,0.96958,838,10,,-0.296,0.174
117,House,21971,43,17.0,FL,200.0,,,"STEUBE, W. Greg",S001214,1978.0,,0.689,-0.358,-141.46749,0.84065,815,58,,0.74,-0.151
117,House,21981,43,6.0,FL,200.0,,,"WALTZ, Michael",W000823,1974.0,,0.452,-0.113,-97.53643,0.88888,828,37,,0.429,0.155
117,House,22107,43,3.0,FL,200.0,,,"CAMMACK, Kat",C001039,1988.0,,0.59,-0.255,-143.51974,0.84121,830,65,,0.593,-0.192
117,House,22111,43,19.0,FL,200.0,,,"DONALDS, Byron",D000032,1978.0,,0.637,-0.301,-131.90976,0.84972,810,58,,0.647,-0.155
117,House,22116,43,15.0,FL,200.0,,,"FRANKLIN, C. Scott",F000472,1964.0,,0.625,0.205,-102.37128,0.88383,829,45,,0.602,0.128
117,House,22118,43,26.0,FL,200.0,,,"GIMENEZ, Carlos A.",G000593,1954.0,,0.329,0.152,-96.44612,0.89104,836,41,,0.309,0.15
117,House,22150,43,27.0,FL,200.0,,,"SALAZAR, Maria Elvira",S000168,1961.0,,0.273,0.155,-127.87056,0.85528,818,54,,0.266,0.06
117,House,22163,43,20.0,FL,100.0,,,"CHERFILUS-MCCORMICK, Sheila",C001127,1979.0,,-0.429,-0.005,-15.05078,0.96696,448,8,,-0.63,0.452
117,House,29337,43,20.0,FL,100.0,,,"HASTINGS, Alcee Lamar",H000324,1936.0,2021.0,-0.564,0.157,-1.0145,0.988,84,0,,-0.567,-0.227
117,House,20321,44,13.0,GA,100.0,,,"SCOTT, David",S001157,1945.0,,-0.305,0.165,-18.77025,0.97767,831,6,,-0.428,0.363
117,House,20712,44,4.0,GA,100.0,,,"JOHNSON, Hank",J000288,1954.0,,-0.48,-0.051,-16.93776,0.97951,818,8,,-0.428,-0.286
117,House,21123,44,8.0,GA,200.0,,,"SCOTT, Austin",S001189,1969.0,,0.539,0.36,-86.88752,0.89934,819,38,,0.54,0.288
117,House,21513,44,1.0,GA,200.0,,,"CARTER, Buddy",C001103,1957.0,,0.555,0.328,-75.91305,0.90838,790,28,,0.509,0.331
117,House,21514,44,10.0,GA,200.0,,,"HICE, Jody Brownlow",H001071,1960.0,,0.797,-0.242,-131.67576,0.84575,786,64,,0.762,-0.402
117,House,21515,44,11.0,GA,200.0,,,"LOUDERMILK, Barry D.",L000583,1963.0,,0.678,0.04,-120.1995,0.86114,804,66,,0.669,-0.042
117,House,21516,44,12.0,GA,200.0,,,"ALLEN, Rick W.",A000372,1951.0,,0.691,0.279,-125.56529,0.85786,819,65,,0.727,0.202
117,House,21717,44,3.0,GA,200.0,,,"FERGUSON, Anderson Drew IV",F000465,1966.0,,0.585,0.251,-126.81097,0.85768,826,52,,0.577,0.069
117,House,21944,44,6.0,GA,100.0,,,"McBATH, Lucy",M001208,1960.0,,-0.372,0.309,-22.44134,0.97361,839,8,,-0.359,0.306
117,House,22104,44,7.0,GA,100.0,,,"BOURDEAUX, Carolyn",B001312,1970.0,,-0.303,0.463,-34.0652,0.96026,840,12,,-0.303,0.464
117,House,22110,44,9.0,GA,200.0,,,"CLYDE, Andrew S.",C001116,1963.0,,0.824,-0.15,-135.3923,0.84763,819,60,,0.794,-0.156
117,House,22121,44,14.0,GA,200.0,,,"GREENE, Marjorie Taylor",G000596,1974.0,,0.8,-0.6,-98.31362,0.88714,821,40,,0.785,-0.62
117,House,22156,44,5.0,GA,100.0,,,"WILLIAMS, Nikema",W000788,1978.0,,-0.447,-0.39,-13.77238,0.98372,839,5,,-0.39,-0.418
117,House,29339,44,2.0,GA,100.0,,,"BISHOP, Sanford Dixon, Jr.",B000490,1947.0,,-0.289,0.447,-25.14701,0.97026,833,12,,-0.403,0.382
117,House,21997,94,0.0,GU,100.0,,,"SAN NICOLAS, Michael",S001204,1981.0,,-0.41,-0.52,-0.09024,0.99251,12,0,,-0.41,-0.875
117,House,20322,82,1.0,HI,100.0,,,"CASE, Ed",C001055,1952.0,,-0.206,-0.079,-39.73176,0.95331,831,13,,-0.192,0.056
117,House,22128,82,2.0,HI,100.0,,,"KAHELE, Kaialiʻi",K000396,1974.0,,-0.353,0.052,-17.5342,0.97922,835,9,,-0.354,0.052
117,House,21920,63,1.0,ID,200.0,,,"FULCHER, Russell",F000469,1962.0,,0.646,-0.109,-144.08202,0.83386,793,71,,0.651,-0.01
117,House,29910,63,2.0,ID,200.0,,,"SIMPSON, Michael K.",S001148,1950.0,,0.296,0.314,-111.87722,0.86979,802,42,,0.333,0.324
117,House,20749,21,11.0,IL,100.0,,,"FOSTER, Bill",F000454,1955.0,,-0.238,-0.22,-21.94112,0.97413,837,6,,-0.356,-0.066
117,House,20954,21,5.0,IL,100.0,,,"QUIGLEY, Mike",Q000023,1958.0,,-0.325,-0.223,-16.9755,0.9799,836,6,,-0.372,-0.015
117,House,21128,21,16.0,IL,200.0,,,"KINZINGER, Adam",K000378,1978.0,,0.234,0.382,-159.10857,0.74997,553,81,,0.14,0.468
117,House,21326,21,10.0,IL,100.0,,,"SCHNEIDER, Brad",S001190,1961.0,,-0.198,-0.116,-26.47102,0.96883,836,13,,-0.415,0.548
117,House,21328,21,13.0,IL,200.0,,,"DAVIS, Rodney",D000619,1970.0,,0.279,0.17,-95.7811,0.88808,807,38,,0.295,0.154
117,House,21329,21,17.0,IL,100.0,,,"BUSTOS, Cheri",B001286,1961.0,,-0.239,0.054,-25.52481,0.96887,807,11,,-0.263,0.347
117,House,21371,21,2.0,IL,100.0,,,"KELLY, Robin L.",K000385,1956.0,,-0.474,-0.024,-18.62202,0.978,837,10,,-0.523,-0.057
117,House,21519,21,12.0,IL,200.0,,,"BOST, Mike",B001295,1960.0,,0.401,-0.041,-111.86098,0.87101,810,44,,0.349,0.115
117,House,21562,21,18.0,IL,200.0,,,"LAHOOD, Darin",L000585,1968.0,,0.461,0.221,-68.6022,0.92094,833,25,,0.466,0.317
117,House,21730,21,8.0,IL,100.0,,,"KRISHNAMOORTHI, S. Raja",K000391,1973.0,,-0.35,-0.015,-24.36964,0.9713,837,10,,-0.321,0.11
117,House,21906,21,6.0,IL,100.0,,,"CASTEN, Sean",C001117,1971.0,,-0.628,0.413,-70.62788,0.91718,817,23,,-0.818,0.575
117,House,21921,21,4.0,IL,100.0,,,"GARCÍA, Jesús",G000586,1956.0,,-0.438,-0.877,-25.52732,0.96978,832,10,,-0.437,-0.836
117,House,21979,21,14.0,IL,100.0,,,"UNDERWOOD, Lauren",U000040,1986.0,,-0.594,0.307,-22.11777,0.97398,839,10,,-0.455,0.352
117,House,22138,21,15.0,IL,200.0,,,"MILLER, Mary E.",M001211,1959.0,,0.786,-0.167,-128.10451,0.84581,765,60,,0.792,-0.255
117,House,22144,21,3.0,IL,100.0,,,"NEWMAN, Marie",N000192,1964.0,,-0.588,-0.303,-11.65067,0.98618,837,6,,-0.591,-0.302
117,House,29346,21,1.0,IL,100.0,,,"RUSH, Bobby L.",R000515,1946.0,,-0.479,-0.203,-12.41116,0.98526,836,5,,-0.548,-0.16
117,House,29717,21,7.0,IL,100.0,,,"DAVIS, Danny K.",D000096,1941.0,,-0.487,-0.266,-13.04857,0.98417,818,5,,-0.496,-0.342
117,House,29911,21,9.0,IL,100.0,,,"SCHAKOWSKY, Janice D.",S001145,1944.0,,-0.602,-0.288,-23.30386,0.97231,830,10,,-0.352,-0.472
117,House,20757,22,7.0,IN,100.0,,,"CARSON, André",C001072,1974.0,,-0.435,0.025,-17.57815,0.97919,836,8,,-0.345,-0.082
117,House,21132,22,8.0,IN,200.0,,,"BUCSHON, Larry",B001275,1962.0,,0.38,0.385,-67.30864,0.92147,823,26,,0.414,0.395
117,House,21330,22,2.0,IN,200.0,,,"WALORSKI, Jackie",W000813,1963.0,2022.0,0.436,0.315,-54.20181,0.92748,720,16,,0.477,0.339
117,House,21702,22,3.0,IN,200.0,,,"BANKS, James E.",B001299,1979.0,,0.649,0.018,-126.39237,0.85715,820,59,,0.658,0.034
117,House,21725,22,9.0,IN,200.0,,,"HOLLINGSWORTH, Joseph Albert III",H001074,1983.0,,0.417,-0.243,-155.30678,0.8143,756,65,,0.422,-0.226
117,House,21903,22,4.0,IN,200.0,,,"BAIRD, James",B001307,1945.0,,0.446,0.412,-108.27434,0.87797,832,37,,0.515,0.246
117,House,21952,22,6.0,IN,200.0,,,"PENCE, Gregory",P000615,1956.0,,0.5,0.237,-199.42555,0.77591,786,72,,0.619,0.006
117,House,22142,22,1.0,IN,100.0,,,"MRVAN, Frank J.",M001214,1969.0,,-0.306,0.367,-16.46386,0.9805,836,6,,-0.3,0.247
117,House,22151,22,5.0,IN,200.0,,,"SPARTZ, Victoria",S000929,1978.0,,0.492,-0.281,-131.9668,0.85101,818,54,,0.43,0.079
117,House,22171,22,2.0,IN,200.0,,,"YAKYM, Rudy, III",Y000067,1984.0,,0.519,0.154,-8.39762,0.87703,64,2,,0.457,0.503
117,House,21902,31,3.0,IA,100.0,,,"AXNE, Cynthia",A000378,1965.0,,-0.25,0.528,-20.3222,0.97604,838,5,,-0.29,0.439
117,House,22113,31,4.0,IA,200.0,,,"FEENSTRA, Randy",F000446,1969.0,,0.466,0.174,-67.42151,0.92252,836,20,,0.444,0.299
117,House,22124,31,1.0,IA,200.0,,,"HINSON, Ashley",H001091,1983.0,,0.355,0.344,-118.34328,0.86712,830,38,,0.369,0.076
117,House,22139,31,2.0,IA,200.0,,,"MILLER-MEEKS, Mariannette",M001215,1955.0,,0.336,0.186,-86.60547,0.90103,831,43,,0.302,0.364
117,House,21750,32,4.0,KS,200.0,,,"ESTES, Ron",E000298,1956.0,,0.648,0.13,-116.47846,0.86387,796,60,,0.702,0.062
117,House,21914,32,3.0,KS,100.0,,,"DAVIDS, Sharice",D000629,1980.0,,-0.263,0.231,-21.62177,0.97453,838,7,,-0.28,0.359
117,House,22130,32,2.0,KS,200.0,,,"LATURNER, Jake",L000266,1988.0,,0.468,0.445,-52.77531,0.93832,829,19,,0.48,0.432
117,House,22134,32,1.0,KS,200.0,,,"MANN, Tracey",M000871,1976.0,,0.609,0.073,-115.50838,0.87153,840,56,,0.658,0.158
117,House,14854,51,5.0,KY,200.0,,,"ROGERS, Harold Dallas (Hal)",R000395,1937.0,,0.334,0.156,-79.96797,0.90867,835,33,,0.348,0.551
117,House,20723,51,3.0,KY,100.0,,,"YARMUTH, John",Y000062,1947.0,,-0.378,-0.275,-17.65847,0.97654,744,6,,-0.349,-0.357
117,House,20916,51,2.0,KY,200.0,,,"GUTHRIE, Brett",G000558,1964.0,,0.427,0.273,-52.26214,0.93954,838,18,,0.42,0.435
117,House,21333,51,6.0,KY,200.0,,,"BARR, Garland H. (Andy), IV",B001282,1973.0,,0.489,0.293,-72.90845,0.91581,829,30,,0.431,0.36
117,House,21565,51,1.0,KY,200.0,,,"COMER, James",C001108,1972.0,,0.592,-0.066,-150.98455,0.8344,834,79,,0.54,-0.087
117,House,31102,51,4.0,KY,200.0,,,"MASSIE, Thomas",M001184,1971.0,,0.659,-0.752,-182.25355,0.79873,811,75,,0.669,-0.744
117,House,20759,45,1.0,LA,200.0,,,"SCALISE, Steve",S001176,1965.0,,0.559,0.163,-84.91184,0.90036,809,32,,0.533,0.222
117,House,21137,45,2.0,LA,100.0,,,"RICHMOND, Cedric",R000588,1973.0,,-0.486,0.332,-0.00248,0.99982,14,0,,-0.387,-0.04
117,House,21523,45,6.0,LA,200.0,,,"GRAVES, Garret",G000577,1972.0,,0.425,0.049,-100.45104,0.88549,826,38,,0.393,0.313
117,House,21724,45,3.0,LA,200.0,,,"HIGGINS, Clay",H001077,1961.0,,0.628,-0.325,-191.14747,0.77476,749,92,,0.648,-0.394
117,House,21727,45,4.0,LA,200.0,,,"JOHNSON, Mike",J000299,1972.0,,0.565,0.027,-108.78695,0.87389,807,50,,0.588,0.139
117,House,22157,45,5.0,LA,200.0,,,"LETLOW, Julia",L000595,1981.0,,0.432,0.335,-60.58929,0.92169,743,21,,0.416,0.534
117,House,22158,45,2.0,LA,100.0,,,"CARTER, Troy",C001125,1963.0,,-0.521,0.285,-20.47059,0.97189,718,9,,-0.38,0.164
117,House,20920,2,1.0,ME,100.0,,,"PINGREE, Chellie",P000597,1955.0,,-0.423,-0.364,-23.75224,0.97205,838,9,,-0.384,-0.15
117,House,21923,2,2.0,ME,100.0,,,"GOLDEN, Jared",G000592,1982.0,,-0.107,0.392,-119.1718,0.86381,814,50,,-0.11,0.358
117,House,14873,52,5.0,MD,100.0,,,"HOYER, Steny Hamilton",H000874,1939.0,,-0.381,0.124,-15.54702,0.98126,822,5,,-0.456,0.356
117,House,15433,52,7.0,MD,100.0,,,"MFUME, Kweisi",M000687,1948.0,,-0.44,-0.326,-16.30625,0.98033,821,5,,-0.429,-0.21
117,House,20329,52,2.0,MD,100.0,,,"RUPPERSBERGER, C. A. Dutch",R000576,1946.0,,-0.299,0.12,-18.65823,0.9778,831,9,,-0.316,0.087
117,House,20724,52,3.0,MD,100.0,,,"SARBANES, John",S001168,1962.0,,-0.466,-0.078,-14.89927,0.98236,837,6,,-0.414,-0.098
117,House,21139,52,1.0,MD,200.0,,,"HARRIS, Andy",H001052,1957.0,,0.675,-0.376,-158.23523,0.82451,820,77,,0.741,-0.331
117,House,21707,52,4.0,MD,100.0,,,"BROWN, Anthony Gregory",B001304,1961.0,,-0.344,-0.063,-27.01327,0.96786,827,15,,-0.511,0.323
117,House,21741,52,8.0,MD,100.0,,,"RASKIN, Jamie Ben",R000606,1962.0,,-0.498,-0.229,-14.47285,0.98269,829,6,,-0.377,-0.435
117,House,21978,52,6.0,MD,100.0,,,"TRONE, David",T000483,1955.0,,-0.348,0.23,-25.0884,0.97033,833,10,,-0.319,0.401
117,House,15616,3,1.0,MA,100.0,,,"NEAL, Richard Edmund",N000015,1949.0,,-0.417,-0.105,-16.52943,0.98038,834,7,,-0.41,0.057
117,House,20119,3,8.0,MA,100.0,,,"LYNCH, Stephen F.",L000562,1955.0,,-0.342,0.048,-17.84078,0.97884,834,6,,-0.29,0.036
117,House,21140,3,9.0,MA,100.0,,,"KEATING, William R.",K000375,1952.0,,-0.329,-0.101,-18.04956,0.97826,821,8,,-0.335,0.113
117,House,21375,3,5.0,MA,100.0,,,"CLARK, Katherine M.",C001101,1963.0,,-0.477,-0.25,-11.5486,0.98628,836,5,,-0.464,-0.3
117,House,21525,3,6.0,MA,100.0,,,"MOULTON, Seth",M001196,1978.0,,-0.286,-0.044,-35.17978,0.95889,838,11,,-0.225,-0.066
117,House,21955,3,7.0,MA,100.0,,,"PRESSLEY, Ayanna",P000617,1974.0,,-0.376,-0.927,-28.41813,0.96654,835,9,,-0.386,-0.922
117,House,21977,3,3.0,MA,100.0,,,"TRAHAN, Lori",T000482,1973.0,,-0.411,-0.121,-15.1359,0.98212,839,7,,-0.457,-0.062
117,House,22100,3,4.0,MA,100.0,,,"AUCHINCLOSS, Jake",A000148,1988.0,,-0.275,-0.271,-29.50287,0.96537,837,8,,-0.323,-0.46
117,House,29729,3,2.0,MA,100.0,,,"McGOVERN, James P.",M000312,1959.0,,-0.538,-0.351,-13.9042,0.98345,833,5,,-0.496,-0.558
117,House,15446,23,6.0,MI,200.0,,,"UPTON, Frederick Stephen",U000031,1953.0,,0.32,-0.355,-208.10778,0.78033,839,106,,0.205,-0.027
117,House,20725,23,7.0,MI,200.0,,,"WALBERG, Tim",W000798,1951.0,,0.498,0.165,-98.22483,0.8889,834,31,,0.485,0.209
117,House,21142,23,2.0,MI,200.0,,,"HUIZENGA, Bill",H001058,1969.0,,0.53,0.055,-112.97713,0.8726,829,42,,0.494,0.068
117,House,21372,23,5.0,MI,100.0,,,"KILDEE, Dan",K000380,1958.0,,-0.359,-0.183,-21.56786,0.97459,838,8,,-0.266,-0.279
117,House,21526,23,4.0,MI,200.0,,,"MOOLENAAR, John",M001194,1961.0,,0.447,0.177,-127.3584,0.85932,840,58,,0.511,0.064
117,House,21529,23,12.0,MI,100.0,,,"DINGELL, Debbie",D000624,1953.0,,-0.398,-0.186,-21.65526,0.97437,834,6,,-0.371,-0.178
117,House,21530,23,14.0,MI,100.0,,,"LAWRENCE, Brenda L",L000581,1954.0,,-0.448,-0.039,-17.19258,0.97969,838,8,,-0.51,-0.08
117,House,21704,23,1.0,MI,200.0,,,"BERGMAN, John",B001301,1947.0,,0.433,0.088,-87.98716,0.89953,831,29,,0.441,0.177
117,House,21940,23,9.0,MI,100.0,,,"LEVIN, Andy",L000592,1960.0,,-0.474,-0.563,-15.6005,0.98158,839,3,,-0.428,-0.572
117,House,21965,23,8.0,MI,100.0,,,"SLOTKIN, Elissa",S001208,1976.0,,-0.373,0.784,-69.61189,0.91765,810,19,,-0.34,0.94
117,House,21972,23,11.0,MI,100.0,,,"STEVENS, Haley",S001215,1983.0,,-0.366,0.242,-21.39683,0.97485,840,9,,-0.366,0.262
117,House,21975,23,13.0,MI,100.0,,,"TLAIB, Rashida",T000481,1976.0,,-0.29,-0.957,-49.11043,0.94248,829,21,,-0.267,-0.964
117,House,22136,23,10.0,MI,200.0,,,"MCCLAIN, Lisa C.",M001136,1966.0,,0.549,0.175,-134.59336,0.85129,836,58,,0.558,0.088
117,House,22137,23,3.0,MI,200.0,,,"MEIJER, Peter",M001186,1988.0,,0.245,0.213,-116.1168,0.87032,836,51,,0.241,0.22
117,House,20122,33,4.0,MN,100.0,,,"MCCOLLUM, Betty",M001143,1954.0,,-0.419,-0.183,-24.43307,0.97116,835,11,,-0.357,-0.158
117,House,21531,33,6.0,MN,200.0,,,"EMMER, Thomas Earl, II",E000294,1961.0,,0.468,-0.063,-131.6894,0.85097,816,49,,0.443,-0.057
117,House,21910,33,2.0,MN,100.0,,,"CRAIG, Angela",C001119,1972.0,,-0.272,0.512,-36.80677,0.95693,836,15,,-0.271,0.644
117,House,21929,33,1.0,MN,200.0,,,"HAGEDORN, Jim",H001088,1962.0,2022.0,0.477,0.345,-20.96589,0.94856,397,8,,0.531,0.362
117,House,21950,33,5.0,MN,100.0,,,"OMAR, Ilhan",O000173,1982.0,,-0.296,-0.955,-37.12533,0.95631,831,14,,-0.305,-0.952
117,House,21953,33,3.0,MN,100.0,,,"PHILLIPS, Dean",P000616,1969.0,,-0.277,0.167,-29.7461,0.96504,836,14,,-0.462,0.624
117,House,21969,33,8.0,MN,200.0,,,"STAUBER, Peter",S001212,1966.0,,0.385,-0.092,-125.02196,0.86032,831,59,,0.385,-0.058
117,House,22114,33,7.0,MN,200.0,,,"FISCHBACH, Michelle",F000470,1965.0,,0.541,-0.011,-89.2711,0.89918,840,36,,0.52,0.186
117,House,22167,33,1.0,MN,200.0,,,"FINSTAD, Brad",F000475,1976.0,,0.553,-0.014,-24.4118,0.80874,115,9,,0.548,0.17
117,House,21148,46,4.0,MS,200.0,,,"PALAZZO, Steven",P000601,1970.0,,0.535,0.45,-99.37958,0.88573,819,46,,0.577,0.25
117,House,21561,46,1.0,MS,200.0,,,"KELLY, Trent",K000388,1966.0,,0.637,0.296,-75.70709,0.91272,829,24,,0.643,0.424
117,House,21927,46,3.0,MS,200.0,,,"GUEST, Michael",G000591,1970.0,,0.53,0.124,-85.18099,0.89476,766,39,,0.588,0.207
117,House,29368,46,2.0,MS,100.0,,,"THOMPSON, Bennie",T000193,1948.0,,-0.519,0.391,-24.59182,0.97111,839,11,,-0.515,0.32
117,House,20124,34,6.0,MO,200.0,,,"GRAVES, Samuel",G000546,1963.0,,0.449,0.162,-70.6848,0.91892,836,26,,0.461,0.542
117,House,20517,34,5.0,MO,100.0,,,"CLEAVER, Emanuel, II",C001061,1944.0,,-0.454,0.001,-14.90212,0.98233,836,6,,-0.456,0.076
117,House,20926,34,3.0,MO,200.0,,,"LUETKEMEYER, Blaine",L000569,1952.0,,0.45,0.247,-90.96024,0.89525,822,31,,0.489,0.303
117,House,21149,34,4.0,MO,200.0,,,"HARTZLER, Vicky",H001053,1960.0,,0.478,0.229,-131.29064,0.84116,759,51,,0.499,0.032
117,House,21150,34,7.0,MO,200.0,,,"LONG, Billy",L000576,1955.0,,0.544,0.244,-90.26395,0.8966,827,37,,0.531,0.314
117,House,21337,34,2.0,MO,200.0,,,"WAGNER, Ann",W000812,1962.0,,0.391,0.3,-76.59255,0.91235,835,23,,0.374,0.224
117,House,21373,34,8.0,MO,200.0,,,"SMITH, Jason",S001195,1980.0,,0.577,0.203,-87.19255,0.89947,823,37,,0.559,0.46
117,House,22106,34,1.0,MO,100.0,,,"BUSH, Cori",B001224,1976.0,,-0.247,-0.969,-66.90226,0.92274,832,28,,-0.246,-0.969
117,House,22148,64,1.0,MT,200.0,,,"ROSENDALE, Matthew M., Sr.",R000103,1960.0,,0.753,-0.658,-133.39241,0.84936,817,55,,0.764,-0.527
117,House,20518,35,1.0,NE,200.0,,,"FORTENBERRY, Jeff",F000449,1960.0,,0.304,-0.061,-53.88885,0.88373,436,21,,0.347,-0.056
117,House,20729,35,3.0,NE,200.0,,,"SMITH, Adrian",S001172,1970.0,,0.509,0.257,-68.22467,0.92035,822,27,,0.538,0.67
117,House,21701,35,2.0,NE,200.0,,,"BACON, Donald J.",B001298,1963.0,,0.278,0.185,-148.24449,0.83786,838,59,,0.279,0.002
117,House,22166,35,1.0,NE,200.0,,,"FLOOD, Mike",F000474,1975.0,,0.44,0.667,-20.08468,0.91568,228,7,,0.495,0.868
117,House,20927,65,1.0,NV,100.0,,,"TITUS, Alice (Dina)",T000468,1950.0,,-0.297,-0.159,-16.75318,0.98011,834,5,,-0.418,-0.084
117,House,21196,65,2.0,NV,200.0,,,"AMODEI, Mark E.",A000369,1958.0,,0.384,0.214,-89.47168,0.89793,831,38,,0.379,0.166
117,House,21339,65,4.0,NV,100.0,,,"HORSFORD, Steven",H001066,1973.0,,-0.315,0.168,-38.62334,0.95459,831,15,,-0.38,0.292
117,House,21938,65,3.0,NV,100.0,,,"LEE, Susie",L000590,1966.0,,-0.229,0.298,-29.39859,0.96536,834,10,,-0.256,0.447
117,House,21340,4,2.0,NH,100.0,,,"KUSTER, Ann McLane",K000382,1956.0,,-0.264,-0.086,-22.16284,0.97387,837,11,,-0.357,0.284
117,House,21951,4,1.0,NH,100.0,,,"PAPPAS, Chris",P000614,1980.0,,-0.232,0.309,-25.82963,0.96961,837,10,,-0.259,0.48
117,House,14863,12,4.0,NJ,200.0,,,"SMITH, Christopher Henry",S000522,1953.0,,0.184,-0.171,-203.40918,0.78195,827,91,,0.278,-0.187
117,House,15454,12,6.0,NJ,100.0,,,"PALLONE, Frank, Jr.",P000034,1951.0,,-0.402,-0.162,-19.4567,0.97708,839,7,,-0.362,-0.407
117,House,20542,12,8.0,NJ,100.0,,,"SIRES, Albio",S001165,1951.0,,-0.404,0.098,-30.74493,0.96372,832,10,,-0.358,0.116
117,House,21536,12,1.0,NJ,100.0,,,"NORCROSS, Donald",N000188,1958.0,,-0.421,0.34,-17.00132,0.97953,822,6,,-0.454,0.458
117,House,21538,12,12.0,NJ,100.0,,,"WATSON COLEMAN, Bonnie",W000822,1945.0,,-0.594,-0.225,-20.17273,0.97627,840,8,,-0.427,-0.481
117,House,21723,12,5.0,NJ,100.0,,,"GOTTHEIMER, Josh S.",G000583,1975.0,,-0.165,0.216,-42.16114,0.95065,833,12,,-0.209,0.362
117,House,21937,12,3.0,NJ,100.0,,,"KIM, Andy",K000394,1982.0,,-0.412,0.238,-24.36404,0.97138,839,14,,-0.461,0.427
117,House,21942,12,7.0,NJ,100.0,,,"MALINOWSKI, Tomaz",M001203,1965.0,,-0.272,0.121,-48.48107,0.94359,835,23,,-0.318,0.214
117,House,21964,12,11.0,NJ,100.0,,,"SHERRILL, Mikie",S001207,1972.0,,-0.234,0.243,-33.13854,0.9603,818,9,,-0.283,0.508
117,House,29741,12,9.0,NJ,100.0,,,"PASCRELL, William J., Jr.",P000096,1937.0,2024.0,-0.369,-0.004,-15.6835,0.98119,826,4,,-0.409,-0.006
117,House,31103,12,10.0,NJ,100.0,,,"PAYNE, Donald, Jr.",P000604,1958.0,2024.0,-0.52,-0.096,-16.53558,0.98046,838,7,,-0.595,-0.203
117,House,91980,12,2.0,NJ,200.0,,,"VAN DREW, Jefferson",V000133,1953.0,,0.384,-0.415,-248.08878,0.74163,830,117,,0.401,-0.507
117,House,21928,66,1.0,NM,100.0,,,"HAALAND, Debra",H001080,1960.0,,-0.332,-0.233,-1.32643,0.98149,71,1,,-0.567,-0.214
117,House,22123,66,2.0,NM,200.0,,,"HERRELL, Yvette",H001084,1964.0,,0.936,0.352,-165.92091,0.81601,816,80,,0.739,0.13
117,House,22131,66,3.0,NM,100.0,,,"LEGER FERNANDEZ, Teresa",L000273,1959.0,,-0.366,-0.178,-14.71327,0.98253,835,5,,-0.39,-0.19
117,House,22159,66,1.0,NM,100.0,,,"STANSBURY, Melanie Ann",S001218,1979.0,,-0.437,-0.217,-13.36137,0.98093,694,6,,-0.455,-0.211
117,House,20519,13,26.0,NY,100.0,,,"HIGGINS, Brian",H001038,1959.0,,-0.348,-0.032,-14.52313,0.98272,833,6,,-0.44,0.053
117,House,20733,13,9.0,NY,100.0,,,"CLARKE, Yvette Diane",C001067,1964.0,,-0.607,-0.259,-13.22929,0.98415,828,5,,-0.483,-0.491
117,House,20934,13,20.0,NY,100.0,,,"TONKO, Paul",T000469,1949.0,,-0.416,-0.261,-10.88914,0.98707,837,3,,-0.451,-0.205
117,House,21101,13,23.0,NY,200.0,,,"REED, Thomas W., II",R000585,1971.0,,0.269,0.12,-80.56808,0.84636,483,32,,0.227,0.152
117,House,21342,13,6.0,NY,100.0,,,"MENG, Grace",M001188,1975.0,,-0.371,-0.209,-19.57127,0.97686,836,8,,-0.464,-0.459
117,House,21343,13,8.0,NY,100.0,,,"JEFFRIES, Hakeem",J000294,1970.0,,-0.483,-0.059,-10.89607,0.98705,836,4,,-0.491,-0.139
117,House,21344,13,18.0,NY,100.0,,,"MALONEY, Sean Patrick",M001185,1966.0,,-0.239,0.114,-20.95984,0.97512,832,8,,-0.261,-0.002
117,House,21539,13,1.0,NY,200.0,,,"ZELDIN, Lee M",Z000017,1980.0,,0.397,-0.129,-94.07439,0.87971,734,40,,0.435,-0.087
117,House,21540,13,4.0,NY,100.0,,,"RICE, Kathleen Maura",R000602,1965.0,,-0.28,0.039,-47.01193,0.94375,812,16,,-0.215,0.081
117,House,21541,13,21.0,NY,200.0,,,"STEFANIK, Elise M.",S001196,1984.0,,0.308,-0.108,-113.01064,0.87328,834,44,,0.394,0.313
117,House,21542,13,24.0,NY,200.0,,,"KATKO, John",K000386,1962.0,,0.185,0.013,-145.64636,0.83923,831,64,,0.161,-0.043
117,House,21715,13,13.0,NY,100.0,,,"ESPAILLAT, Adriano J.",E000297,1954.0,,-0.527,-0.211,-19.02887,0.97752,837,7,,-0.532,-0.523
117,House,21747,13,3.0,NY,100.0,,,"SUOZZI, Thomas",S001201,1962.0,,-0.212,0.163,-22.20354,0.97357,829,8,,-0.315,0.188
117,House,21749,13,22.0,NY,200.0,,,"TENNEY, Claudia",T000478,1961.0,,0.465,0.022,-139.88605,0.84175,812,57,,0.506,0.015
117,House,21761,13,25.0,NY,100.0,,,"MORELLE, Joseph",M001206,1957.0,,-0.331,0.15,-15.75358,0.98131,835,5,,-0.41,0.353
117,House,21916,13,19.0,NY,100.0,,,"DELGADO, Antonio",D000630,1977.0,,-0.233,0.277,-11.88706,0.97858,549,5,,-0.29,0.53
117,House,21949,13,14.0,NY,100.0,,,"OCASIO-CORTEZ, Alexandria",O000172,1989.0,,-0.333,-0.943,-48.14148,0.94365,830,20,,-0.298,-0.955
117,House,21990,13,27.0,NY,200.0,,,"JACOBS, Chris",J000020,1966.0,,0.306,0.049,-140.83774,0.84393,830,52,,0.309,0.051
117,House,22105,13,16.0,NY,100.0,,,"BOWMAN, Jamaal",B001223,1976.0,,-0.357,-0.934,-39.40398,0.95363,830,15,,-0.981,-0.192
117,House,22117,13,2.0,NY,200.0,,,"GARBARINO, Andrew R.",G000597,1984.0,,0.244,0.225,-96.83418,0.88963,828,42,,0.286,0.067
117,House,22127,13,17.0,NY,100.0,,,"JONES, Mondaire",J000306,1987.0,,-0.414,-0.533,-14.2568,0.98301,832,6,,-0.414,-0.535
117,House,22133,13,11.0,NY,200.0,,,"MALLIOTAKIS, Nicole",M000317,1980.0,,0.333,-0.076,-139.74455,0.84573,834,65,,0.299,0.028
117,House,22154,13,15.0,NY,100.0,,,"TORRES, Ritchie",T000486,1988.0,,-0.312,-0.119,-26.63802,0.96842,830,10,,-0.537,-0.318
117,House,22169,13,19.0,NY,100.0,,,"RYAN, Patrick",R000579,1982.0,,-0.228,0.195,-0.32249,0.9972,115,0,,-0.365,0.372
117,House,22170,13,23.0,NY,200.0,,,"SEMPOLINSKI, Joseph",S001219,1983.0,,0.545,0.047,-29.71059,0.77232,115,16,,0.529,0.092
117,House,29377,13,10.0,NY,100.0,,,"NADLER, Jerrold Lewis",N000002,1947.0,,-0.507,-0.474,-13.78296,0.98337,822,6,,-0.488,-0.356
117,House,29378,13,7.0,NY,100.0,,,"VELÁZQUEZ, Nydia M.",V000081,1953.0,,-0.547,-0.37,-12.70328,0.98488,834,5,,-0.47,-0.498
117,House,29379,13,12.0,NY,100.0,,,"MALONEY, Carolyn Bosher",M000087,1946.0,,-0.387,-0.285,-15.25203,0.98186,833,7,,-0.417,-0.374
117,House,29776,13,5.0,NY,100.0,,,"MEEKS, Gregory W.",M001137,1953.0,,-0.415,-0.061,-12.50298,0.98501,828,4,,-0.489,0.096
117,House,15438,47,4.0,NC,100.0,,,"PRICE, David Eugene",P000523,1940.0,,-0.343,-0.03,-12.32371,0.98492,811,3,,-0.456,0.113
117,House,20340,47,1.0,NC,100.0,,,"BUTTERFIELD, George Kenneth, Jr. (G.K.)",B001251,1947.0,,-0.404,0.184,-16.50003,0.98025,827,5,,-0.483,0.347
117,House,20521,47,5.0,NC,200.0,,,"FOXX, Virginia Ann",F000450,1943.0,,0.624,0.177,-124.80401,0.85522,798,45,,0.624,0.23
117,House,20522,47,10.0,NC,200.0,,,"McHENRY, Patrick T.",M001156,1975.0,,0.524,0.156,-127.0622,0.85331,801,53,,0.408,0.162
117,House,21346,47,8.0,NC,200.0,,,"HUDSON, Richard",H001067,1971.0,,0.524,0.209,-102.73467,0.88358,830,38,,0.424,0.211
117,House,21544,47,7.0,NC,200.0,,,"ROUZER, David",R000603,1972.0,,0.567,0.288,-100.12058,0.887,835,44,,0.551,0.287
117,House,21545,47,12.0,NC,100.0,,,"ADAMS, Alma",A000370,1946.0,,-0.463,-0.005,-15.54259,0.98156,835,8,,-0.466,0.094
117,House,21708,47,13.0,NC,200.0,,,"BUDD, Theodore Paul",B001305,1971.0,,0.634,-0.081,-155.51003,0.81385,755,70,,0.595,-0.09
117,House,21986,47,9.0,NC,200.0,,,"BISHOP, Dan",B001311,1964.0,,0.703,-0.366,-147.36176,0.83533,819,64,,0.697,-0.366
117,House,21987,47,3.0,NC,200.0,,,"MURPHY, Gregory Francis",M001210,1963.0,,0.486,0.137,-144.61603,0.83759,816,51,,0.474,-0.006
117,House,22109,47,11.0,NC,200.0,,,"CAWTHORN, Madison",C001104,1995.0,,0.555,-0.243,-172.26812,0.8082,809,84,,0.554,-0.246
117,House,22135,47,6.0,NC,100.0,,,"MANNING, Kathy E.",M001135,1956.0,,-0.276,0.348,-18.55846,0.9781,838,7,,-0.276,0.194
117,House,22149,47,2.0,NC,100.0,,,"ROSS, Deborah K.",R000305,1963.0,,-0.385,-0.001,-17.45785,0.97941,839,10,,-0.408,0.267
117,House,21901,36,1.0,ND,200.0,,,"ARMSTRONG, Kelly",A000377,1976.0,,0.449,0.064,-123.99985,0.85642,800,46,,0.471,-0.04
117,House,21996,95,0.0,MP,100.0,,,"SABLAN, Gregorio Kilili Camacho",S001177,1955.0,,-0.419,-0.252,-0.16061,0.98859,14,0,,-0.411,-0.874
117,House,15029,24,9.0,OH,100.0,,,"KAPTUR, Marcia Carolyn (Marcy)",K000009,1946.0,,-0.341,0.136,-16.55357,0.98025,830,4,,-0.306,0.004
117,House,20342,24,10.0,OH,200.0,,,"TURNER, Michael R.",T000463,1960.0,,0.265,0.26,-98.90647,0.88663,822,43,,0.304,0.344
117,House,20343,24,13.0,OH,100.0,,,"RYAN, Timothy J.",R000577,1973.0,,-0.402,0.208,-14.35051,0.98286,830,6,,-0.358,-0.006
117,House,20738,24,4.0,OH,200.0,,,"JORDAN, Jim",J000289,1964.0,,0.711,-0.173,-116.24666,0.86737,817,41,,0.74,-0.123
117,House,20755,24,5.0,OH,200.0,,,"LATTA, Robert E.",L000566,1956.0,,0.508,0.288,-66.2499,0.92416,840,25,,0.481,0.289
117,House,20941,24,11.0,OH,100.0,,,"FUDGE, Marcia L.",F000455,1952.0,,-0.581,0.14,-1.13895,0.97913,54,1,,-0.295,0.196
117,House,21162,24,6.0,OH,200.0,,,"JOHNSON, Bill",J000292,1954.0,,0.436,0.235,-88.41385,0.89976,837,35,,0.391,0.205
117,House,21163,24,15.0,OH,200.0,,,"STIVERS, Steve",S001187,1965.0,,0.3,0.269,-11.4027,0.90714,117,7,,0.283,0.201
117,House,21165,24,7.0,OH,200.0,,,"GIBBS, Bob",G000563,1954.0,,0.484,0.284,-88.3757,0.89429,791,35,,0.524,0.199
117,House,21351,24,2.0,OH,200.0,,,"WENSTRUP, Brad",W000815,1958.0,,0.527,0.289,-81.33738,0.90687,832,34,,0.475,0.314
117,House,21352,24,3.0,OH,100.0,,,"BEATTY, Joyce",B001281,1950.0,,-0.44,0.024,-16.37562,0.98063,837,7,,-0.572,-0.047
117,House,21353,24,14.0,OH,200.0,,,"JOYCE, David",J000295,1957.0,,0.251,0.313,-78.73793,0.9097,832,32,,0.254,0.281
117,House,21564,24,8.0,OH,200.0,,,"DAVIDSON, Warren",D000626,1970.0,,0.649,-0.379,-199.90566,0.78573,829,91,,0.617,-0.394
117,House,21759,24,12.0,OH,200.0,,,"BALDERSON, Troy",B001306,1962.0,,0.463,0.199,-75.03989,0.91366,831,28,,0.42,0.228
117,House,21924,24,16.0,OH,200.0,,,"GONZALEZ, Anthony",G000588,1984.0,,0.24,0.315,-107.85637,0.87283,793,54,,0.208,0.295
117,House,22161,24,11.0,OH,100.0,,,"BROWN, Shontel M.",B001313,1975.0,,-0.475,-0.079,-5.88062,0.98886,525,2,,-0.463,-0.046
117,House,22162,24,15.0,OH,200.0,,,"CAREY, Mike",C001126,1971.0,,0.407,0.024,-81.31165,0.85601,523,36,,0.409,-0.037
117,House,29550,24,1.0,OH,200.0,,,"CHABOT, Steve",C000266,1953.0,,0.542,-0.137,-150.48122,0.83563,838,65,,0.392,0.258
117,House,20344,53,4.0,OK,200.0,,,"COLE, Tom",C001053,1949.0,,0.323,0.413,-79.67718,0.90899,835,33,,0.309,0.5
117,House,21355,53,2.0,OK,200.0,,,"MULLIN, Markwayne",M001190,1977.0,,0.531,0.252,-116.91965,0.86528,808,57,,0.579,0.129
117,House,21760,53,1.0,OK,200.0,,,"HERN, Kevin",H001082,1961.0,,0.678,-0.049,-119.70718,0.86402,819,50,,0.695,-0.092
117,House,22102,53,5.0,OK,200.0,,,"BICE, Stephanie I.",B000740,1973.0,,0.411,0.314,-69.08305,0.92087,838,29,,0.408,0.434
117,House,29393,53,3.0,OK,200.0,,,"LUCAS, Frank D.",L000491,1960.0,,0.361,0.454,-61.56139,0.9275,818,25,,0.412,0.517
117,House,15410,72,4.0,OR,100.0,,,"DeFAZIO, Peter Anthony",D000191,1947.0,,-0.427,-0.002,-28.36461,0.96628,827,10,,-0.269,-0.412
117,House,20944,72,5.0,OR,100.0,,,"SCHRADER, Kurt",S001180,1951.0,,-0.182,0.054,-141.4911,0.84275,827,45,,-0.12,0.022
117,House,21198,72,1.0,OR,100.0,,,"BONAMICI, Suzanne",B001278,1954.0,,-0.401,-0.419,-11.41889,0.9865,840,5,,-0.41,-0.45
117,House,22101,72,2.0,OR,200.0,,,"BENTZ, Cliff",B000668,1952.0,,0.475,0.274,-75.36104,0.914,838,29,,0.478,0.332
117,House,29588,72,3.0,OR,100.0,,,"BLUMENAUER, Earl",B000574,1948.0,,-0.426,-0.626,-16.01336,0.98091,831,7,,-0.37,-0.556
117,House,20946,14,15.0,PA,200.0,,,"THOMPSON, Glenn",T000467,1959.0,,0.335,0.34,-74.31755,0.91386,825,27,,0.355,0.513
117,House,21167,14,16.0,PA,200.0,,,"KELLY, Mike",K000376,1948.0,,0.379,0.396,-70.93348,0.91837,833,25,,0.438,0.319
117,House,21356,14,10.0,PA,200.0,,,"PERRY, Scott",P000605,1962.0,,0.685,-0.495,-142.31256,0.84156,825,63,,0.776,-0.447
117,House,21358,14,8.0,PA,100.0,,,"CARTWRIGHT, Matt",C001090,1961.0,,-0.344,0.042,-25.37187,0.96927,813,13,,-0.243,0.011
117,House,21548,14,2.0,PA,100.0,,,"BOYLE, Brendan Francis",B001296,1977.0,,-0.383,0.152,-20.92236,0.97528,836,8,,-0.474,0.243
117,House,21566,14,3.0,PA,100.0,,,"EVANS, Dwight",E000296,1954.0,,-0.473,-0.159,-15.85858,0.98123,837,7,,-0.555,-0.055
117,House,21718,14,1.0,PA,200.0,,,"FITZPATRICK, Brian K.",F000466,1973.0,,0.141,-0.117,-138.7028,0.84762,839,40,,0.137,-0.19
117,House,21745,14,11.0,PA,200.0,,,"SMUCKER, Lloyd K.",S001199,1964.0,,0.454,0.127,-83.55289,0.90445,832,31,,0.449,0.228
117,House,21756,14,17.0,PA,100.0,,,"LAMB, Conor",L000588,1984.0,,-0.143,0.212,-29.46819,0.96541,837,3,,-0.23,0.286
117,House,21762,14,5.0,PA,100.0,,,"SCANLON, Mary Gay",S001205,1959.0,,-0.463,-0.2,-18.18877,0.9784,833,9,,-0.378,-0.141
117,House,21763,14,7.0,PA,100.0,,,"WILD, Susan",W000826,1957.0,,-0.261,0.305,-45.50671,0.94677,832,19,,-0.209,0.143
117,House,21915,14,4.0,PA,100.0,,,"DEAN, Madeleine",D000631,1959.0,,-0.444,-0.065,-10.81723,0.98717,838,2,,-0.39,-0.11
117,House,21934,14,6.0,PA,100.0,,,"HOULAHAN, Christina",H001085,1967.0,,-0.26,0.215,-22.71608,0.97319,836,9,,-0.284,0.335
117,House,21936,14,13.0,PA,200.0,,,"JOYCE, John",J000302,1957.0,,0.581,-0.04,-144.7911,0.84115,837,67,,0.595,0.024
117,House,21945,14,9.0,PA,200.0,,,"MEUSER, Dan",M001204,1964.0,,0.492,0.202,-97.55768,0.88809,822,39,,0.428,0.111
117,House,21956,14,14.0,PA,200.0,,,"RESCHENTHALER, Guy",R000610,1983.0,,0.446,0.061,-86.47697,0.90162,835,34,,0.374,0.368
117,House,21985,14,12.0,PA,200.0,,,"KELLER, Fred",K000395,1965.0,,0.498,0.171,-87.31005,0.90106,838,35,,0.496,0.211
117,House,29561,14,18.0,PA,100.0,,,"DOYLE, Michael F.",D000482,1953.0,,-0.331,0.099,-39.28662,0.95001,766,15,,-0.384,-0.472
117,House,21992,92,0.0,PR,200.0,,,"GONZÁLEZ-CÓLON, Jenniffer",G000582,1976.0,,0.221,0.456,-4.58897,0.72052,14,3,,0.176,0.984
117,House,20136,5,2.0,RI,100.0,,,"LANGEVIN, James",L000559,1964.0,,-0.375,0.114,-19.96026,0.97638,835,8,,-0.353,0.23
117,House,21172,5,1.0,RI,100.0,,,"CICILLINE, David N.",C001084,1961.0,,-0.389,-0.262,-23.18,0.97256,833,9,,-0.312,-0.174
117,House,20138,48,2.0,SC,200.0,,,"WILSON, Joe",W000795,1947.0,,0.53,0.161,-92.50224,0.89233,812,37,,0.485,0.477
117,House,21174,48,3.0,SC,200.0,,,"DUNCAN, Jeff",D000615,1966.0,,0.695,-0.095,-156.7042,0.82566,818,81,,0.657,0.042
117,House,21359,48,7.0,SC,200.0,,,"RICE, Tom",R000597,1957.0,,0.558,-0.217,-216.26018,0.77062,830,91,,0.48,-0.194
117,House,21753,48,5.0,SC,200.0,,,"NORMAN, Ralph",N000190,1953.0,,0.855,-0.375,-73.4594,0.91237,801,25,,0.89,-0.456
117,House,21974,48,4.0,SC,200.0,,,"TIMMONS, William",T000480,1984.0,,0.599,0.044,-97.20181,0.89023,836,42,,0.588,0.269
117,House,22132,48,1.0,SC,200.0,,,"MACE, Nancy",M000194,1977.0,,0.35,-0.295,-219.36172,0.76799,831,90,,0.378,-0.219
117,House,39301,48,6.0,SC,100.0,,,"CLYBURN, James Enos",C000537,1940.0,,-0.466,0.247,-13.6115,0.9837,828,5,,-0.536,0.281
117,House,21935,37,1.0,SD,200.0,,,"JOHNSON, Dustin (Dusty)",J000301,1976.0,,0.468,0.14,-83.92176,0.90438,835,30,,0.403,0.361
117,House,15019,54,5.0,TN,100.0,,,"COOPER, James Hayes Shofner",C000754,1954.0,,-0.164,-0.033,-32.97128,0.9611,831,14,,-0.359,0.138
117,House,20748,54,9.0,TN,100.0,,,"COHEN, Stephen",C001068,1949.0,,-0.388,-0.292,-29.19713,0.96535,828,13,,-0.303,-0.409
117,House,21178,54,3.0,TN,200.0,,,"FLEISCHMANN, Chuck",F000459,1962.0,,0.432,0.396,-109.65369,0.87762,840,48,,0.497,0.177
117,House,21179,54,4.0,TN,200.0,,,"DESJARLAIS, Scott",D000616,1964.0,,0.578,-0.039,-135.39547,0.84998,833,61,,0.57,-0.014
117,House,21731,54,8.0,TN,200.0,,,"KUSTOFF, David",K000392,1966.0,,0.542,0.34,-74.84579,0.91407,833,30,,0.555,0.39
117,House,21905,54,2.0,TN,200.0,,,"BURCHETT, Timothy",B001309,1964.0,,0.665,-0.447,-150.4634,0.83048,810,69,,0.652,-0.353
117,House,21926,54,7.0,TN,200.0,,,"GREEN, Mark E.",G000590,1964.0,,0.671,0.018,-140.08305,0.8419,814,71,,0.65,-0.026
117,House,21959,54,6.0,TN,200.0,,,"ROSE, John",R000612,1965.0,,0.657,0.097,-119.51443,0.86266,809,52,,0.679,0.087
117,House,22122,54,1.0,TN,200.0,,,"HARSHBARGER, Diana",H001086,1960.0,,0.675,-0.12,-144.8239,0.84042,833,65,,0.689,0.074
117,House,20355,49,26.0,TX,200.0,,,"BURGESS, Michael C.",B001248,1950.0,,0.565,-0.164,-154.97963,0.82663,814,67,,0.582,-0.143
117,House,20356,49,31.0,TX,200.0,,,"CARTER, John R.",C001051,1941.0,,0.487,0.547,-152.17528,0.83248,830,58,,0.614,0.475
117,House,20527,49,1.0,TX,200.0,,,"GOHMERT, Louie",G000552,1953.0,,0.644,-0.406,-173.10977,0.803,789,86,,0.678,-0.496
117,House,20529,49,9.0,TX,100.0,,,"GREEN, Al",G000553,1947.0,,-0.448,0.258,-29.17552,0.96574,837,15,,-0.389,-0.282
117,House,20530,49,10.0,TX,200.0,,,"MCCAUL, Michael T.",M001157,1962.0,,0.41,0.178,-83.59835,0.90319,821,34,,0.349,0.409
117,House,20533,49,28.0,TX,100.0,,,"CUELLAR, Henry",C001063,1955.0,,-0.225,0.653,-76.83392,0.91239,838,29,,-0.287,0.684
117,House,21360,49,14.0,TX,200.0,,,"WEBER, Randy",W000814,1953.0,,0.72,0.032,-136.10585,0.84637,816,64,,0.82,0.179
117,House,21362,49,20.0,TX,100.0,,,"CASTRO, Joaquin",C001091,1974.0,,-0.403,-0.141,-12.92559,0.98464,835,3,,-0.434,-0.269
117,House,21364,49,25.0,TX,200.0,,,"WILLIAMS, Roger",W000816,1949.0,,0.593,0.064,-88.20062,0.89334,782,32,,0.587,0.182
117,House,21365,49,33.0,TX,100.0,,,"VEASEY, Marc",V000131,1971.0,,-0.408,0.373,-22.9201,0.97283,832,10,,-0.311,0.157
117,House,21366,49,34.0,TX,100.0,,,"VELA, Filemon",V000132,1963.0,,-0.311,0.407,-11.96004,0.97336,443,6,,-0.224,0.161
117,House,21551,49,36.0,TX,200.0,,,"BABIN, Brian",B001291,1948.0,,0.708,0.126,-122.36008,0.86278,829,62,,0.727,0.106
117,House,21700,49,19.0,TX,200.0,,,"ARRINGTON, Jodey Cook",A000375,1972.0,,0.646,-0.002,-140.70483,0.83436,777,66,,0.671,-0.042
117,House,21722,49,15.0,TX,100.0,,,"GONZALEZ, Vicente, Jr.",G000581,1967.0,,-0.387,0.909,-50.63395,0.93933,809,17,,-0.29,0.468
117,House,21758,49,27.0,TX,200.0,,,"CLOUD, Michael",C001115,1975.0,,0.691,-0.373,-137.76842,0.84342,809,62,,0.714,-0.282
117,House,21900,49,32.0,TX,100.0,,,"ALLRED, Colin",A000376,1983.0,,-0.422,0.723,-15.74359,0.98123,831,4,,-0.399,0.495
117,House,21911,49,2.0,TX,200.0,,,"CRENSHAW, Daniel",C001120,1984.0,,0.437,0.269,-109.13257,0.87525,819,39,,0.447,0.121
117,House,21917,49,16.0,TX,100.0,,,"ESCOBAR, Veronica",E000299,1969.0,,-0.474,-0.274,-63.4246,0.92686,835,19,,-0.529,-0.525
117,House,21919,49,7.0,TX,100.0,,,"FLETCHER, Elizabeth",F000468,1975.0,,-0.54,0.841,-40.79195,0.95249,838,15,,-0.236,0.285
117,House,21922,49,29.0,TX,100.0,,,"GARCIA, Sylvia",G000587,1950.0,,-0.767,0.318,-52.47891,0.93909,835,21,,-0.878,0.453
117,House,21925,49,5.0,TX,200.0,,,"GOODEN, Lance",G000589,1982.0,,0.716,-0.048,-164.34481,0.82172,837,75,,0.765,-0.119
117,House,21961,49,21.0,TX,200.0,,,"ROY, Charles",R000614,1972.0,,0.8,-0.6,-103.40277,0.87918,803,44,,0.8,-0.6
117,House,21973,49,3.0,TX,200.0,,,"TAYLOR, Nicholas",T000479,1972.0,,0.581,-0.223,-175.65639,0.80822,825,90,,0.604,-0.245
117,House,21984,49,6.0,TX,200.0,,,"WRIGHT, Ron",W000827,1953.0,2021.0,0.711,-0.09,-0.27921,0.98025,14,0,,0.908,-0.418
117,House,22112,49,4.0,TX,200.0,,,"FALLON, Pat",F000246,1967.0,,0.715,0.13,-119.81841,0.86451,823,53,,0.719,0.146
117,House,22119,49,23.0,TX,200.0,,,"GONZALES, Tony",G000594,1980.0,,0.35,0.23,-72.15402,0.91741,837,32,,0.309,0.384
117,House,22125,49,13.0,TX,200.0,,,"JACKSON, Ronny",J000304,1967.0,,0.788,0.162,-102.5402,0.8804,805,42,,0.78,0.163
117,House,22143,49,22.0,TX,200.0,,,"NEHLS, Troy E.",N000026,1968.0,,0.609,-0.236,-144.39673,0.83836,819,69,,0.636,-0.114
117,House,22147,49,11.0,TX,200.0,,,"PFLUGER, August",P000048,1977.0,,0.633,0.373,-86.79157,0.89968,821,37,,0.662,0.367
117,House,22155,49,24.0,TX,200.0,,,"VAN DUYNE, Beth",V000134,1970.0,,0.604,-0.008,-123.0365,0.86314,836,59,,0.577,0.01
117,House,22160,49,6.0,TX,200.0,,,"ELLZEY, Jake",E000071,1970.0,,0.511,0.711,-71.73267,0.88837,606,30,,0.514,0.358
117,House,22165,49,34.0,TX,200.0,,,"FLORES, Mayra",F000473,1986.0,,0.336,0.623,-18.15622,0.92995,250,5,,0.342,0.653
117,House,29571,49,35.0,TX,100.0,,,"DOGGETT, Lloyd Alton, II",D000399,1946.0,,-0.403,-0.333,-21.06639,0.97503,833,5,,-0.329,-0.409
117,House,29573,49,18.0,TX,100.0,,,"JACKSON LEE, Sheila",J000032,1950.0,2024.0,-0.459,0.121,-15.23919,0.98192,835,7,,-0.391,-0.147
117,House,29759,49,17.0,TX,200.0,,,"SESSIONS, Pete",S000250,1955.0,,0.584,0.173,-168.72732,0.81524,826,72,,0.587,-0.035
117,House,29760,49,8.0,TX,200.0,,,"BRADY, Kevin Patrick",B000755,1955.0,,0.52,0.239,-73.2156,0.89863,685,27,,0.477,0.473
117,House,29762,49,12.0,TX,200.0,,,"GRANGER, Kay",G000377,1943.0,,0.403,0.243,-132.11536,0.85119,820,49,,0.465,0.201
117,House,39305,49,30.0,TX,100.0,,,"JOHNSON, Eddie Bernice",J000126,1934.0,2023.0,-0.485,0.198,-19.27868,0.97709,832,11,,-0.488,-0.023
117,House,21367,67,2.0,UT,200.0,,,"STEWART, Chris",S001192,1960.0,,0.499,0.167,-101.11933,0.88607,836,40,,0.439,0.136
117,House,21755,67,3.0,UT,200.0,,,"CURTIS, John R.",C001114,1960.0,,0.453,0.123,-112.58743,0.87286,828,44,,0.409,0.121
117,House,22141,67,1.0,UT,200.0,,,"MOORE, Blake D.",M001213,1980.0,,0.37,0.323,-71.04096,0.91825,833,26,,0.349,0.353
117,House,22146,67,4.0,UT,200.0,,,"OWENS, Burgess",O000086,1951.0,,0.452,0.165,-81.68421,0.90649,832,31,,0.451,0.249
117,House,20750,6,1.0,VT,100.0,,,"WELCH, Peter",W000800,1947.0,,-0.4,-0.406,-24.06583,0.97128,826,11,,-0.301,-0.469
117,House,21994,96,0.0,VI,100.0,,,"PLASKETT, Stacey E.",P000610,1966.0,,-0.473,0.565,-0.88043,0.93905,14,0,,-0.411,-0.874
117,House,20756,40,1.0,VA,200.0,,,"WITTMAN, Robert J.",W000804,1959.0,,0.447,0.027,-82.13713,0.90219,798,25,,0.463,0.181
117,House,20952,40,11.0,VA,100.0,,,"CONNOLLY, Gerald E. (Gerry)",C001078,1950.0,2025.0,-0.309,-0.047,-20.97108,0.97529,838,7,,-0.311,-0.101
117,House,21191,40,9.0,VA,200.0,,,"GRIFFITH, H. Morgan",G000568,1958.0,,0.509,-0.332,-182.2159,0.80118,822,90,,0.499,-0.356
117,House,21554,40,8.0,VA,100.0,,,"BEYER, Donald Sternoff Jr.",B001292,1950.0,,-0.394,-0.109,-11.39751,0.98649,838,3,,-0.409,-0.123
117,House,21736,40,4.0,VA,100.0,,,"MCEACHIN, Aston Donald",M001200,1961.0,2022.0,-0.381,-0.017,-19.80339,0.97496,781,12,,-0.493,0.309
117,House,21908,40,6.0,VA,200.0,,,"CLINE, Benjamin",C001118,1972.0,,0.714,-0.205,-133.10954,0.85133,827,52,,0.734,-0.17
117,House,21941,40,2.0,VA,100.0,,,"LURIA, Elaine",L000591,1975.0,,-0.206,0.426,-48.57943,0.94374,839,15,,-0.401,0.854
117,House,21966,40,7.0,VA,100.0,,,"SPANBERGER, Abigail",S001209,1979.0,,-0.196,0.3,-44.74797,0.9477,833,18,,-0.197,0.41
117,House,21983,40,10.0,VA,100.0,,,"WEXTON, Jennifer",W000825,1968.0,,-0.384,0.302,-32.8902,0.96147,837,18,,-0.252,0.205
117,House,22120,40,5.0,VA,200.0,,,"GOOD, Bob",G000595,1965.0,,0.8,-0.6,-136.88357,0.84381,806,66,,0.835,-0.359
117,House,39307,40,3.0,VA,100.0,,,"SCOTT, Robert C.",S000185,1947.0,,-0.451,-0.004,-15.66432,0.98144,836,10,,-0.488,0.096
117,House,20145,73,2.0,WA,100.0,,,"LARSEN, Richard Ray (Rick)",L000560,1965.0,,-0.365,0.165,-18.56314,0.97778,826,6,,-0.435,0.113
117,House,20535,73,5.0,WA,200.0,,,"MCMORRIS RODGERS, Cathy",M001159,1969.0,,0.436,0.098,-78.70519,0.90901,825,29,,0.402,0.333
117,House,21187,73,3.0,WA,200.0,,,"HERRERA BEUTLER, Jaime",H001056,1978.0,,0.336,-0.129,-125.94746,0.85632,812,53,,0.286,0.129
117,House,21368,73,6.0,WA,100.0,,,"KILMER, Derek",K000381,1974.0,,-0.316,0.005,-13.44334,0.9841,839,5,,-0.305,-0.081
117,House,21556,73,4.0,WA,200.0,,,"NEWHOUSE, Daniel Milton",N000189,1955.0,,0.317,0.335,-83.19097,0.90364,821,38,,0.291,0.379
117,House,21726,73,7.0,WA,100.0,,,"JAYAPAL, Pramila",J000298,1965.0,,-0.61,-0.579,-15.78968,0.98129,836,5,,-0.472,-0.636
117,House,21962,73,8.0,WA,100.0,,,"SCHRIER, Kim",S001216,1968.0,,-0.277,0.375,-26.05824,0.96938,838,10,,-0.295,0.59
117,House,22153,73,10.0,WA,100.0,,,"STRICKLAND, Marilyn",S001159,1962.0,,-0.441,0.353,-23.00226,0.97247,824,11,,-0.399,0.356
117,House,29768,73,9.0,WA,100.0,,,"SMITH, Adam",S000510,1965.0,,-0.291,-0.166,-26.37348,0.96895,836,10,,-0.612,0.18
117,House,31101,73,1.0,WA,100.0,,,"DELBENE, Suzan K.",D000617,1962.0,,-0.295,-0.196,-19.5404,0.97701,840,7,,-0.475,0.289
117,House,21188,56,1.0,WV,200.0,,,"McKINLEY, David",M001180,1947.0,,0.3,0.178,-109.51066,0.86381,748,48,,0.298,0.113
117,House,21557,56,2.0,WV,200.0,,,"MOONEY, Alex X.",M001195,1971.0,,0.568,-0.241,-142.94044,0.84127,827,64,,0.537,-0.044
117,House,21946,56,3.0,WV,200.0,,,"MILLER, Carol",M001205,1950.0,,0.529,0.105,-67.48266,0.92063,816,15,,0.501,0.384
117,House,20537,25,4.0,WI,100.0,,,"MOORE, Gwendolynne S. (Gwen)",M001160,1951.0,,-0.52,-0.271,-31.93964,0.96225,830,12,,-0.302,-0.45
117,House,21370,25,2.0,WI,100.0,,,"POCAN, Mark",P000607,1964.0,,-0.521,-0.552,-25.98893,0.96921,831,9,,-0.407,-0.642
117,House,21559,25,6.0,WI,200.0,,,"GROTHMAN, Glenn",G000576,1955.0,,0.601,-0.202,-174.18462,0.8109,831,76,,0.581,-0.285
117,House,21720,25,8.0,WI,200.0,,,"GALLAGHER, Michael",G000579,1984.0,,0.437,0.033,-108.12818,0.87632,819,42,,0.412,0.086
117,House,21970,25,1.0,WI,200.0,,,"STEIL, Bryan",S001213,1981.0,,0.421,0.071,-76.76563,0.91256,839,29,,0.424,0.176
117,House,21989,25,7.0,WI,200.0,,,"TIFFANY, Thomas P.",T000165,1957.0,,0.642,-0.25,-133.69656,0.84663,803,54,,0.641,-0.19
117,House,22115,25,5.0,WI,200.0,,,"FITZGERALD, Scott",F000471,1963.0,,0.601,0.091,-105.54058,0.8806,830,45,,0.617,0.272
117,House,29769,25,3.0,WI,100.0,,,"KIND, Ron",K000188,1963.0,,-0.26,-0.08,-65.96909,0.92421,837,20,,-0.176,-0.105
117,House,21710,68,1.0,WY,200.0,,,"CHENEY, Liz",C001109,1966.0,,0.405,0.82,-188.67119,0.75832,682,70,,0.282,0.815
117,Senate,42102,41,0.0,AL,200.0,,,"TUBERVILLE, Thomas Hawley (Tommy)",T000278,1954.0,,0.936,-0.352,-90.88991,0.90271,888,35,,0.936,-0.352
117,Senate,94659,41,0.0,AL,200.0,,,"SHELBY, Richard C.",S000320,1934.0,,0.446,0.57,-163.57584,0.82305,840,90,,0.536,0.494
117,Senate,40300,81,0.0,AK,200.0,,,"MURKOWSKI, Lisa",M001153,1957.0,,0.204,-0.304,-137.32829,0.84951,842,63,,0.212,-0.371
117,Senate,41500,81,0.0,AK,200.0,,,"SULLIVAN, Daniel Scott",S001198,1964.0,,0.469,0.173,-251.54468,0.74461,853,113,,0.484,0.069
117,Senate,21300,61,0.0,AZ,100.0,,,"SINEMA, Kyrsten",S001191,1976.0,,-0.105,0.076,-40.94784,0.95402,870,11,,-0.153,0.212
117,Senate,41905,61,0.0,AZ,100.0,,,"KELLY, Mark Edward",K000377,1964.0,,-0.267,0.29,-38.47468,0.9576,888,19,,-0.217,0.42
117,Senate,20101,42,0.0,AR,200.0,,,"BOOZMAN, John",B001236,1950.0,,0.426,0.34,-173.02647,0.8251,900,77,,0.546,0.322
117,Senate,21301,42,0.0,AR,200.0,,,"COTTON, Thomas Bryant (Tom)",C001095,1977.0,,0.578,0.2,-125.5802,0.86826,889,53,,0.641,0.206
117,Senate,41701,71,0.0,CA,100.0,,,"HARRIS, Kamala Devi",H001075,1964.0,,-0.709,-0.105,-0.00037,0.99981,2,0,,0.0,0.0
117,Senate,42104,71,0.0,CA,100.0,,,"PADILLA, Alejandro (Alex)",P000145,1973.0,,-0.443,-0.242,-11.37787,0.98734,893,4,,-0.418,-0.381
117,Senate,49300,71,0.0,CA,100.0,,,"FEINSTEIN, Dianne",F000062,1933.0,2023.0,-0.268,-0.184,-9.42012,0.98821,794,1,,-0.296,-0.196
117,Senate,40910,62,0.0,CO,100.0,,,"BENNET, Michael F.",B001267,1964.0,,-0.245,-0.188,-16.40727,0.98167,887,6,,-0.287,-0.026
117,Senate,42101,62,0.0,CO,100.0,,,"HICKENLOOPER, John Wright",H000273,1952.0,,-0.3,-0.0,-28.12959,0.96858,881,7,,-0.229,-0.108
117,Senate,20707,1,0.0,CT,100.0,,,"MURPHY, Christopher",M001169,1973.0,,-0.289,-0.26,-16.86881,0.98116,887,6,,-0.32,-0.26
117,Senate,41101,1,0.0,CT,100.0,,,"BLUMENTHAL, Richard",B001277,1946.0,,-0.433,-0.155,-20.14489,0.97767,892,7,,-0.365,-0.242
117,Senate,15015,11,0.0,DE,100.0,,,"CARPER, Thomas Richard",C000174,1947.0,,-0.179,-0.225,-31.20682,0.96603,903,8,,-0.304,-0.333
117,Senate,40916,11,0.0,DE,100.0,,,"COONS, Christopher A.",C001088,1963.0,,-0.239,-0.21,-12.19095,0.98655,900,3,,-0.256,-0.197
117,Senate,41102,43,0.0,FL,200.0,,,"RUBIO, Marco",R000595,1971.0,,0.616,-0.184,-148.43667,0.84097,857,58,,0.647,-0.106
117,Senate,41903,43,0.0,FL,200.0,,,"SCOTT, Richard Lynn (Rick)",S001217,1952.0,,0.728,-0.061,-96.10174,0.89732,887,42,,0.723,0.182
117,Senate,41904,44,0.0,GA,200.0,,,"LOEFFLER, Kelly",L000594,1970.0,,0.555,-0.203,-0.16867,0.91912,2,0,,0.0,0.0
117,Senate,42103,44,0.0,GA,100.0,,,"OSSOFF, Thomas Jonathan (Jon)",O000174,1987.0,,-0.462,0.474,-25.55809,0.97089,865,9,,-0.466,0.513
117,Senate,42105,44,0.0,GA,100.0,,,"WARNOCK, Raphael Gamaliel",W000790,1969.0,,-0.435,0.424,-28.38185,0.96742,857,14,,-0.392,0.463
117,Senate,20713,82,0.0,HI,100.0,,,"HIRONO, Mazie",H001042,1947.0,,-0.512,-0.086,-13.24465,0.98539,900,4,,-0.483,-0.196
117,Senate,41112,82,0.0,HI,100.0,,,"SCHATZ, Brian Emanuel",S001194,1972.0,,-0.444,-0.135,-19.09329,0.97878,890,6,,-0.443,-0.027
117,Senate,29345,63,0.0,ID,200.0,,,"CRAPO, Michael Dean",C000880,1951.0,,0.505,0.291,-180.61391,0.81633,890,96,,0.45,0.395
117,Senate,40902,63,0.0,ID,200.0,,,"RISCH, James",R000584,1943.0,,0.551,0.383,-164.44967,0.8222,840,85,,0.466,0.411
117,Senate,15021,21,0.0,IL,100.0,,,"DURBIN, Richard Joseph",D000563,1944.0,,-0.339,-0.313,-9.36624,0.98969,904,2,,-0.313,-0.181
117,Senate,21325,21,0.0,IL,100.0,,,"DUCKWORTH, Tammy",D000622,1968.0,,-0.345,0.057,-13.88611,0.98445,886,5,,-0.322,-0.212
117,Senate,21133,22,0.0,IN,200.0,,,"YOUNG, Todd",Y000064,1972.0,,0.441,-0.032,-163.91325,0.8304,882,55,,0.419,0.02
117,Senate,41900,22,0.0,IN,200.0,,,"BRAUN, Michael",B001310,1954.0,,0.8,0.6,-90.60235,0.90217,880,38,,0.74,0.375
117,Senate,14226,31,0.0,IA,200.0,,,"GRASSLEY, Charles Ernest",G000386,1933.0,,0.362,-0.035,-238.08935,0.7689,906,111,,0.417,-0.12
117,Senate,41502,31,0.0,IA,200.0,,,"ERNST, Joni",E000295,1970.0,,0.536,-0.027,-171.94869,0.82159,875,75,,0.574,-0.16
117,Senate,21734,32,0.0,KS,200.0,,,"MARSHALL, Roger Wayne",M001198,1960.0,,0.606,0.141,-119.33462,0.87372,884,47,,0.643,0.099
117,Senate,29722,32,0.0,KS,200.0,,,"MORAN, Jerry",M000934,1954.0,,0.413,0.221,-151.87123,0.82942,812,62,,0.413,0.328
117,Senate,14921,51,0.0,KY,200.0,,,"MCCONNELL, Addison Mitchell (Mitch)",M000355,1942.0,,0.402,0.018,-204.1244,0.7936,883,89,,0.418,0.015
117,Senate,41104,51,0.0,KY,200.0,,,"PAUL, Rand",P000603,1963.0,,0.878,-0.479,-147.26089,0.84024,846,65,,0.905,-0.425
117,Senate,20919,45,0.0,LA,200.0,,,"CASSIDY, Bill",C001075,1957.0,,0.464,-0.05,-226.6492,0.77271,879,99,,0.474,-0.033
117,Senate,41703,45,0.0,LA,200.0,,,"KENNEDY, John Neely",K000393,1951.0,,0.559,-0.143,-224.44396,0.76841,852,93,,0.569,-0.088
117,Senate,41300,2,0.0,ME,328.0,,,"KING, Angus Stanley, Jr.",K000383,1944.0,,-0.169,-0.185,-23.00186,0.97477,900,6,,-0.193,-0.159
117,Senate,49703,2,0.0,ME,200.0,,,"COLLINS, Susan Margaret",C001035,1952.0,,0.124,-0.506,-90.38725,0.90505,906,37,,0.138,-0.513
117,Senate,15408,52,0.0,MD,100.0,,,"CARDIN, Benjamin Louis",C000141,1943.0,,-0.32,-0.224,-13.49233,0.98507,897,7,,-0.295,-0.311
117,Senate,20330,52,0.0,MD,100.0,,,"VAN HOLLEN, Christopher",V000128,1959.0,,-0.399,-0.228,-10.55221,0.98779,859,3,,-0.374,-0.102
117,Senate,14435,3,0.0,MA,100.0,,,"MARKEY, Edward John",M000133,1946.0,,-0.517,-0.47,-28.88832,0.9682,894,11,,-0.647,-0.472
117,Senate,41301,3,0.0,MA,100.0,,,"WARREN, Elizabeth",W000817,1949.0,,-0.742,-0.368,-26.18953,0.97132,900,11,,-0.67,-0.466
117,Senate,20923,23,0.0,MI,100.0,,,"PETERS, Gary C.",P000595,1958.0,,-0.251,-0.179,-13.7947,0.9846,889,6,,-0.284,-0.119
117,Senate,29732,23,0.0,MI,100.0,,,"STABENOW, Deborah Ann",S000770,1950.0,,-0.343,-0.019,-15.35557,0.98305,898,6,,-0.337,0.044
117,Senate,40700,33,0.0,MN,100.0,,,"KLOBUCHAR, Amy",K000367,1960.0,,-0.278,-0.328,-16.64058,0.98158,895,8,,-0.297,-0.13
117,Senate,41706,33,0.0,MN,100.0,,,"SMITH, Tina",S001203,1958.0,,-0.411,-0.119,-14.32343,0.98416,897,7,,-0.447,-0.079
117,Senate,29534,46,0.0,MS,200.0,,,"WICKER, Roger F.",W000437,1951.0,,0.378,0.339,-164.47019,0.83162,892,79,,0.381,0.332
117,Senate,41707,46,0.0,MS,200.0,,,"HYDE-SMITH, Cindy",H001079,1959.0,,0.45,0.333,-159.72761,0.8321,869,73,,0.457,0.353
117,Senate,29735,34,0.0,MO,200.0,,,"BLUNT, Roy",B000575,1950.0,,0.398,0.18,-262.25106,0.72797,826,126,,0.314,0.182
117,Senate,41901,34,0.0,MO,200.0,,,"HAWLEY, Joshua David",H001089,1979.0,,0.825,-0.359,-131.12506,0.86301,890,56,,0.813,-0.177
117,Senate,21338,64,0.0,MT,200.0,,,"DAINES, Steve",D000618,1962.0,,0.589,-0.021,-118.4879,0.87045,854,44,,0.592,0.068
117,Senate,40702,64,0.0,MT,100.0,,,"TESTER, Jon",T000464,1956.0,,-0.213,0.153,-48.48552,0.94778,904,19,,-0.184,0.148
117,Senate,41302,35,0.0,NE,200.0,,,"FISCHER, Debra (Deb)",F000463,1951.0,,0.46,0.334,-136.199,0.85585,875,47,,0.455,0.255
117,Senate,41503,35,0.0,NE,200.0,,,"SASSE, Benjamin Eric",S001197,1972.0,,0.669,-0.25,-168.18766,0.82105,853,79,,0.573,-0.098
117,Senate,21743,65,0.0,NV,100.0,,,"ROSEN, Jacklyn Sheryl",R000608,1957.0,,-0.285,0.313,-24.14915,0.97305,884,11,,-0.259,0.201
117,Senate,41700,65,0.0,NV,100.0,,,"CORTEZ MASTO, Catherine Marie",C001113,1964.0,,-0.347,0.349,-30.1905,0.96705,901,14,,-0.237,0.208
117,Senate,40906,4,0.0,NH,100.0,,,"SHAHEEN, Jeanne",S001181,1947.0,,-0.22,-0.142,-15.68918,0.9819,859,5,,-0.235,-0.13
117,Senate,41702,4,0.0,NH,100.0,,,"HASSAN, Margaret Wood (Maggie)",H001076,1958.0,,-0.222,0.008,-41.68893,0.95459,897,18,,-0.212,0.185
117,Senate,29373,12,0.0,NJ,100.0,,,"MENENDEZ, Robert",M000639,1954.0,,-0.366,-0.126,-24.62043,0.97229,876,9,,-0.443,-0.012
117,Senate,41308,12,0.0,NJ,100.0,,,"BOOKER, Cory Anthony",B001288,1969.0,,-0.559,-0.249,-24.47386,0.97263,882,12,,-0.516,-0.415
117,Senate,20930,66,0.0,NM,100.0,,,"HEINRICH, Martin",H001046,1971.0,,-0.333,0.001,-16.77422,0.98118,883,7,,-0.439,0.053
117,Senate,20932,66,0.0,NM,100.0,,,"LUJÁN, Ben Ray",L000570,1972.0,,-0.381,0.033,-14.88049,0.98232,834,7,,-0.421,0.048
117,Senate,14858,13,0.0,NY,100.0,,,"SCHUMER, Charles Ellis (Chuck)",S000148,1950.0,,-0.355,-0.411,-48.88095,0.94668,892,15,,-0.242,-0.617
117,Senate,20735,13,0.0,NY,100.0,,,"GILLIBRAND, Kirsten",G000555,1966.0,,-0.447,-0.305,-16.23198,0.98207,897,9,,-0.385,-0.521
117,Senate,29548,47,0.0,NC,200.0,,,"BURR, Richard M.",B001135,1955.0,,0.435,-0.07,-207.32327,0.76528,775,100,,0.363,0.074
117,Senate,41504,47,0.0,NC,200.0,,,"TILLIS, Thomas Roland (Thom)",T000476,1960.0,,0.39,-0.12,-237.70838,0.75529,847,98,,0.399,-0.152
117,Senate,21350,36,0.0,ND,200.0,,,"CRAMER, Kevin",C001096,1961.0,,0.4,0.367,-149.22989,0.82727,787,68,,0.386,0.532
117,Senate,41107,36,0.0,ND,200.0,,,"HOEVEN, John",H001061,1957.0,,0.402,0.448,-130.63315,0.8619,879,60,,0.442,0.461
117,Senate,29386,24,0.0,OH,200.0,,,"PORTMAN, Robert Jones (Rob)",P000449,1955.0,,0.371,-0.208,-201.86383,0.79229,867,82,,0.338,-0.061
117,Senate,29389,24,0.0,OH,100.0,,,"BROWN, Sherrod",B000944,1952.0,,-0.425,-0.097,-13.43344,0.98512,896,6,,-0.402,-0.094
117,Senate,15424,53,0.0,OK,200.0,,,"INHOFE, James Mountain",I000024,1934.0,2024.0,0.552,0.045,-123.1535,0.85879,809,49,,0.539,0.111
117,Senate,21166,53,0.0,OK,200.0,,,"LANKFORD, James",L000575,1968.0,,0.59,0.149,-100.12178,0.89472,900,37,,0.67,0.001
117,Senate,14871,72,0.0,OR,100.0,,,"WYDEN, Ronald Lee",W000779,1949.0,,-0.335,-0.486,-16.78202,0.98144,896,8,,-0.349,-0.572
117,Senate,40908,72,0.0,OR,100.0,,,"MERKLEY, Jeff",M001176,1956.0,,-0.454,-0.715,-24.13018,0.97261,869,8,,-0.459,-0.656
117,Senate,29935,14,0.0,PA,200.0,,,"TOOMEY, Patrick Joseph",T000461,1961.0,,0.624,-0.378,-195.04865,0.78411,802,102,,0.614,-0.487
117,Senate,40703,14,0.0,PA,100.0,,,"CASEY, Robert (Bob), Jr.",C001070,1960.0,,-0.313,0.166,-21.34001,0.97636,892,7,,-0.296,0.046
117,Senate,29142,5,0.0,RI,100.0,,,"REED, John F. (Jack)",R000122,1949.0,,-0.36,-0.154,-11.49908,0.98735,903,4,,-0.384,-0.235
117,Senate,40704,5,0.0,RI,100.0,,,"WHITEHOUSE, Sheldon",W000802,1955.0,,-0.341,-0.13,-13.41798,0.98512,895,5,,-0.37,-0.187
117,Senate,21173,48,0.0,SC,200.0,,,"SCOTT, Tim",S001184,1965.0,,0.628,0.025,-142.50202,0.85158,887,59,,0.611,0.009
117,Senate,29566,48,0.0,SC,200.0,,,"GRAHAM, Lindsey O.",G000359,1955.0,,0.367,-0.267,-243.26925,0.74542,828,145,,0.318,-0.352
117,Senate,29754,37,0.0,SD,200.0,,,"THUNE, John",T000250,1961.0,,0.431,0.231,-140.0303,0.85547,897,54,,0.465,0.269
117,Senate,41505,37,0.0,SD,200.0,,,"ROUNDS, Marion Michael (Mike)",R000605,1954.0,,0.352,0.086,-183.59841,0.77214,710,87,,0.357,0.04
117,Senate,20351,54,0.0,TN,200.0,,,"BLACKBURN, Marsha",B001243,1952.0,,0.632,0.142,-106.28982,0.88284,853,42,,0.667,0.149
117,Senate,42100,54,0.0,TN,200.0,,,"HAGERTY, William Francis (Bill)",H000601,1959.0,,0.676,-0.071,-136.49072,0.85618,879,52,,0.711,-0.209
117,Senate,40305,49,0.0,TX,200.0,,,"CORNYN, John",C001056,1952.0,,0.47,-0.06,-192.33501,0.79729,849,91,,0.451,-0.119
117,Senate,41304,49,0.0,TX,200.0,,,"CRUZ, Rafael Edward (Ted)",C001098,1970.0,,0.782,-0.18,-75.41156,0.91501,849,33,,0.783,-0.072
117,Senate,41110,67,0.0,UT,200.0,,,"LEE, Mike",L000577,1971.0,,0.891,-0.454,-137.62589,0.85791,898,66,,0.866,-0.5
117,Senate,41902,67,0.0,UT,200.0,,,"ROMNEY, Willard Mitt (Mitt)",R000615,1947.0,,0.286,0.294,-216.5292,0.77742,860,92,,0.287,0.229
117,Senate,14307,6,0.0,VT,100.0,,,"LEAHY, Patrick Joseph",L000174,1940.0,,-0.36,-0.121,-8.63674,0.98985,847,3,,-0.403,-0.16
117,Senate,29147,6,0.0,VT,328.0,,,"SANDERS, Bernard",S000033,1941.0,,-0.545,-0.427,-100.94754,0.88404,819,33,,-0.925,-0.357
117,Senate,40909,40,0.0,VA,100.0,,,"WARNER, Mark R.",W000805,1954.0,,-0.215,-0.034,-12.81175,0.98569,889,2,,-0.275,-0.159
117,Senate,41305,40,0.0,VA,100.0,,,"KAINE, Timothy Michael (Tim)",K000384,1958.0,,-0.236,-0.12,-17.47989,0.9802,874,5,,-0.274,-0.051
117,Senate,39310,73,0.0,WA,100.0,,,"CANTWELL, Maria E.",C000127,1958.0,,-0.308,-0.401,-10.34576,0.98855,898,3,,-0.381,-0.132
117,Senate,49308,73,0.0,WA,100.0,,,"MURRAY, Patty",M001111,1950.0,,-0.357,-0.313,-9.06098,0.98974,879,2,,-0.388,-0.152
117,Senate,20146,56,0.0,WV,200.0,,,"CAPITO, Shelley Moore",C001047,1953.0,,0.284,0.144,-168.1539,0.82552,877,62,,0.326,0.113
117,Senate,40915,56,0.0,WV,100.0,,,"MANCHIN, Joe, III",M001183,1947.0,,-0.057,0.4,-84.35039,0.90678,862,27,,-0.078,0.381
117,Senate,29940,25,0.0,WI,100.0,,,"BALDWIN, Tammy",B001230,1962.0,,-0.486,-0.122,-22.11163,0.97562,896,10,,-0.467,-0.027
117,Senate,41111,25,0.0,WI,200.0,,,"JOHNSON, Ron",J000293,1955.0,,0.645,-0.154,-136.77079,0.85185,853,60,,0.617,0.035
117,Senate,20953,68,0.0,WY,200.0,,,"LUMMIS, Cynthia M.",L000571,1954.0,,0.684,-0.32,-143.78735,0.84554,857,62,,0.722,-0.361
117,Senate,40707,68,0.0,WY,200.0,,,"BARRASSO, John A.",B001261,1952.0,,0.54,0.195,-119.26512,0.86387,815,44,,0.542,0.144
